t_s,roll_deg,pitch_rv_deg,pitch_game_deg,pitch_comp_deg,gyro_y_rads,raw_ax_mps2,raw_ax_filt_mps2,raw_ay_mps2,raw_az_mps2,speed_kmh,hall_f_hz,hall_r_hz,gps_fix
0.001,-2.42,0.10,0.11,0.00,0.0293,-0.2305,-0.2305,-0.1523,8.8828,0.11,0.00,0.00,1
0.031,-2.42,0.10,0.11,0.07,0.0527,0.3828,0.0244,-0.3437,9.5820,0.11,0.00,0.00,1
0.051,-2.42,0.10,0.14,0.06,-0.0059,0.7656,0.2313,-0.0781,9.9258,0.11,0.00,0.00,1
0.061,-2.42,0.10,0.14,-0.00,-0.0547,-0.2695,0.2306,-0.3437,8.4648,0.06,0.00,0.00,1
0.081,-2.42,0.10,0.15,0.03,0.0469,0.1523,0.1534,-0.0391,9.7656,0.06,0.00,0.00,1
0.111,-2.42,0.10,0.15,-0.01,-0.0293,-0.1133,0.1171,-0.2305,8.6172,0.06,0.00,0.00,1
0.111,-2.42,0.10,0.15,-0.01,-0.0293,-0.1133,0.1171,-0.2305,8.6172,0.06,0.00,0.00,1
0.141,-2.42,0.10,0.17,0.01,-0.0078,0.3047,0.1603,-0.4961,9.0000,0.06,0.00,0.00,1
0.142,-2.42,0.10,0.17,0.01,-0.0078,0.3047,0.1603,-0.4961,9.0000,0.06,0.00,0.00,1
0.160,-2.42,0.10,0.17,-0.04,0.0352,0.6133,0.2695,-0.4219,9.9258,0.06,0.00,0.00,1
0.191,-2.75,0.19,0.18,-0.03,0.0078,0.7266,0.4601,-0.9180,9.9219,0.06,0.00,0.00,1
0.201,-2.75,0.19,0.18,-0.10,-0.0371,0.0391,0.4461,-0.3437,8.8125,0.06,0.00,0.00,1
0.221,-2.75,0.19,0.18,-0.09,0.0000,0.3828,0.3834,-0.6133,9.4219,0.06,0.00,0.00,1
0.241,-2.75,0.19,0.20,-0.04,0.0449,0.6133,0.2609,-0.2305,9.9258,0.06,0.00,0.00,1
0.250,-2.75,0.19,0.20,-0.02,0.0176,0.6133,0.3150,-0.2305,9.9258,0.06,0.00,0.00,1
0.281,-2.75,0.19,0.22,0.00,0.0410,0.8828,0.4561,-0.4961,10.1094,0.15,0.00,0.00,1
0.281,-2.75,0.19,0.22,0.00,0.0410,0.8828,0.4561,-0.4961,10.1094,0.15,0.00,0.00,1
0.321,-2.75,0.19,0.22,-0.07,-0.0449,-0.6523,0.4552,-0.6523,7.7734,0.15,0.00,0.00,1
0.330,-2.75,0.19,0.22,-0.15,-0.0332,-0.6523,0.2851,-0.6523,7.7734,0.15,0.00,0.00,1
0.331,-2.75,0.19,0.22,-0.15,-0.0332,-0.6523,0.2851,-0.6523,7.7734,0.15,0.00,0.00,1
0.361,-2.75,0.19,0.24,-0.13,0.0527,0.1914,0.2620,-0.7656,9.5039,0.15,0.00,0.00,1
0.361,-2.75,0.19,0.24,-0.13,0.0527,0.1914,0.2620,-0.7656,9.5039,0.15,0.00,0.00,1
0.391,-2.95,0.25,0.25,-0.09,0.0391,0.3047,0.2270,-0.4609,9.5781,0.15,0.00,0.00,1
0.401,-2.95,0.25,0.25,-0.08,0.0039,0.5742,0.2605,-0.5742,9.8867,0.15,0.00,0.00,1
0.421,-2.95,0.25,0.23,-0.09,-0.0234,0.3828,0.3251,-0.3047,9.2695,0.15,0.00,0.00,1
0.460,-2.98,0.26,0.24,-0.14,-0.0371,-0.5352,0.4062,-0.3047,8.3555,0.15,0.00,0.00,1
0.461,-2.98,0.26,0.24,-0.14,-0.0371,-0.5352,0.4062,-0.3047,8.3555,0.13,0.00,0.00,1
0.461,-2.98,0.26,0.24,-0.14,-0.0371,-0.5352,0.4062,-0.3047,8.3555,0.13,0.00,0.00,1
0.481,-2.98,0.26,0.24,-0.19,-0.0156,-0.0781,0.1758,-0.4961,9.5039,0.13,0.00,0.00,1
0.500,-2.98,0.26,0.24,-0.19,0.0098,-0.1133,0.0814,-0.4961,8.8477,0.13,0.00,0.00,1
0.531,-3.00,0.23,0.21,-0.20,-0.0098,0.8438,0.3458,-0.4961,9.8867,0.13,0.00,0.00,1
0.541,-3.00,0.23,0.21,-0.23,-0.0156,0.9180,0.4282,-0.7656,10.1523,0.13,0.00,0.00,1
0.560,-3.00,0.23,0.24,-0.20,0.0371,-0.0781,0.3747,-0.4609,8.8125,0.13,0.00,0.00,1
0.591,-3.00,0.23,0.23,-0.22,-0.0176,-0.8047,0.2468,-0.6523,7.8945,0.13,0.00,0.00,1
0.611,-3.00,0.23,0.20,-0.25,-0.0176,0.5742,0.1935,-0.4961,9.8086,0.13,0.00,0.00,1
0.611,-3.00,0.23,0.20,-0.25,-0.0176,0.5742,0.1935,-0.4961,9.8086,0.13,0.00,0.00,1
0.620,-3.00,0.23,0.20,-0.20,0.0449,0.3437,0.2336,-0.6523,9.7305,0.13,0.00,0.00,1
0.640,-3.00,0.23,0.22,-0.21,-0.0176,0.5352,0.3135,-0.6523,9.8477,0.13,0.00,0.00,1
0.670,-3.07,0.23,0.22,-0.22,-0.0156,0.6523,0.3715,-0.3828,10.1094,0.13,0.00,0.00,1
0.671,-3.07,0.23,0.22,-0.22,-0.0156,0.6523,0.3715,-0.3828,10.1094,0.07,0.00,0.00,1
0.700,-3.07,0.23,0.19,-0.28,-0.0293,0.3437,0.2160,-0.5742,9.8828,0.07,0.00,0.00,1
0.701,-3.07,0.23,0.19,-0.28,-0.0293,0.3437,0.2160,-0.5742,9.8828,0.07,0.00,0.00,1
0.720,-3.07,0.23,0.19,-0.23,-0.0176,0.2305,0.2271,-0.8047,9.4219,0.07,0.00,0.00,1
0.751,-3.07,0.23,0.22,-0.22,-0.0176,0.0781,0.2407,-0.5742,9.1172,0.07,0.00,0.00,1
0.751,-3.07,0.23,0.22,-0.22,-0.0176,0.0781,0.2407,-0.5742,9.1172,0.07,0.00,0.00,1
0.781,-3.07,0.23,0.23,-0.23,-0.0098,0.7266,0.3692,-0.4961,10.1914,0.07,0.00,0.00,1
0.811,-2.97,0.24,0.23,-0.21,0.0156,0.1133,0.2925,-0.5742,9.1172,0.07,0.00,0.00,1
0.821,-2.97,0.24,0.23,-0.18,0.0215,0.7266,0.3140,-0.5352,10.1914,0.07,0.00,0.00,1
0.821,-2.97,0.24,0.23,-0.18,0.0215,0.7266,0.3140,-0.5352,10.1914,0.07,0.00,0.00,1
0.841,-2.97,0.24,0.24,-0.19,-0.0137,0.3828,0.3786,-0.5742,9.4258,0.07,0.00,0.00,1
0.860,-2.97,0.24,0.25,-0.20,-0.0117,0.3828,0.3800,-0.1914,9.8086,0.07,0.00,0.00,1
0.871,-2.97,0.24,0.25,-0.25,-0.0410,-0.6133,0.3008,-0.8047,8.0117,0.07,0.00,0.00,1
0.891,-2.97,0.24,0.24,-0.24,0.0117,0.1523,0.1586,-0.3828,9.8477,0.07,0.00,0.00,1
0.921,-2.97,0.24,0.24,-0.22,-0.0254,0.5742,0.2889,-0.4609,9.7266,0.07,0.00,0.00,1
0.921,-2.97,0.24,0.24,-0.22,-0.0254,0.5742,0.2889,-0.4609,9.7266,0.07,0.00,0.00,1
0.950,-2.97,0.24,0.23,-0.24,-0.0176,0.4961,0.3384,-0.2695,9.8867,0.07,0.00,0.00,1
0.981,-2.82,0.24,0.23,-0.20,0.0215,0.4609,0.1305,-0.3828,9.6484,0.07,0.00,0.00,1
1.000,-2.82,0.24,0.22,-0.17,0.0195,0.3047,0.2086,-0.1914,9.9219,0.07,0.00,0.00,1
1.001,-2.82,0.24,0.22,-0.17,0.0195,0.3047,0.2086,-0.1914,9.9219,0.07,0.00,0.00,1
1.031,-2.82,0.24,0.24,-0.12,-0.0430,0.3047,0.3568,-0.2695,9.3086,0.07,0.00,0.00,1
1.031,-2.82,0.24,0.24,-0.12,-0.0430,0.3047,0.3568,-0.2695,9.3086,0.07,0.00,0.00,1
1.060,-2.82,0.24,0.26,-0.11,0.0723,-0.7656,0.1036,-0.5742,8.0078,0.07,0.00,0.00,1
1.061,-2.82,0.24,0.26,-0.11,0.0723,-0.7656,0.1036,-0.5742,8.0078,0.00,0.00,0.00,1
1.090,-2.82,0.24,0.26,-0.09,-0.0312,0.1523,0.1136,-0.4219,9.3828,0.00,0.00,0.00,1
1.091,-2.82,0.24,0.26,-0.09,-0.0312,0.1523,0.1136,-0.4219,9.3828,0.00,0.00,0.00,1
1.121,-2.82,0.24,0.27,-0.06,0.0254,0.3828,0.2807,-0.3437,9.4648,0.00,0.00,0.00,1
1.141,-2.82,0.24,0.29,-0.09,-0.0215,0.6133,0.3665,-0.4609,10.0312,0.00,0.00,0.00,1
1.170,-2.82,0.29,0.27,-0.17,-0.0742,0.3047,0.2746,-0.4961,9.6523,0.00,0.00,0.00,1
1.171,-2.82,0.29,0.27,-0.17,-0.0742,0.3047,0.2746,-0.4961,9.6523,0.00,0.00,0.00,1
1.181,-2.82,0.29,0.27,-0.21,-0.0195,0.2305,0.2733,-0.7266,9.1992,0.00,0.00,0.00,1
1.201,-2.82,0.29,0.27,-0.18,0.0410,-0.2695,0.1481,-0.5742,8.3906,0.00,0.00,0.00,1
1.221,-2.82,0.29,0.27,-0.15,0.0273,0.3828,0.1469,-0.8047,9.3086,0.00,0.00,0.00,1
1.230,-2.82,0.29,0.27,-0.09,0.0566,0.3828,0.1832,-0.8047,9.3086,0.00,0.00,0.00,1
1.260,-2.82,0.29,0.29,-0.11,-0.0371,0.5742,0.3367,-0.5352,10.1523,0.00,0.00,0.00,1
1.261,-2.82,0.29,0.29,-0.11,-0.0371,0.5742,0.3367,-0.5352,10.1523,0.04,0.00,0.00,1
1.280,-2.82,0.29,0.29,-0.14,0.0391,0.6914,0.4300,-0.5742,10.1484,0.04,0.00,0.00,1
1.311,-2.82,0.29,0.31,-0.16,-0.0137,0.4609,0.3687,-0.4961,9.8867,0.04,0.00,0.00,1
1.311,-2.82,0.29,0.31,-0.16,-0.0137,0.4609,0.3687,-0.4961,9.8867,0.04,0.00,0.00,1
1.370,-2.82,0.29,0.32,-0.18,-0.0039,0.1523,0.1839,-0.6523,8.9219,0.04,0.00,0.00,1
1.371,-2.82,0.29,0.32,-0.18,-0.0039,0.1523,0.1839,-0.6523,8.9219,0.04,0.00,0.00,1
1.371,-2.82,0.29,0.32,-0.18,-0.0039,0.1523,0.1839,-0.6523,8.9219,0.04,0.00,0.00,1
1.401,-2.82,0.29,0.32,-0.21,-0.0293,0.9180,0.3596,-0.4961,10.3867,0.04,0.00,0.00,1
1.401,-2.82,0.29,0.32,-0.21,-0.0293,0.9180,0.3596,-0.4961,10.3867,0.04,0.00,0.00,1
1.420,-2.82,0.29,0.32,-0.27,-0.0078,-0.4961,0.2050,-0.3828,8.2773,0.04,0.00,0.00,1
1.431,-2.82,0.29,0.32,-0.30,-0.0547,0.2695,0.1586,-0.4219,9.6523,0.04,0.00,0.00,1
1.451,-2.82,0.29,0.32,-0.26,0.0547,-0.0391,0.1357,-0.6523,9.1211,0.04,0.00,0.00,1
1.480,-2.82,0.29,0.29,-0.24,-0.0156,0.1914,0.0697,-0.3828,9.3828,0.04,0.00,0.00,1
1.481,-2.82,0.29,0.29,-0.24,-0.0156,0.1914,0.0697,-0.3828,9.3828,0.02,0.00,0.00,1
1.541,-2.73,0.26,0.25,-0.32,-0.0488,0.1914,0.3539,-0.7266,9.4609,0.02,0.00,0.00,1
1.542,-2.73,0.26,0.25,-0.32,-0.0488,0.1914,0.3539,-0.7266,9.4609,0.02,0.00,0.00,1
1.560,-2.73,0.26,0.26,-0.26,0.0332,-0.6133,0.1204,-0.1523,8.0820,0.02,0.00,0.00,1
1.561,-2.73,0.26,0.26,-0.26,0.0332,-0.6133,0.1204,-0.1523,8.0820,0.02,0.00,0.00,1
1.581,-2.73,0.26,0.24,-0.28,-0.0215,-0.1914,0.0122,-0.5742,8.8125,0.02,0.00,0.00,1
1.591,-2.73,0.26,0.24,-0.34,-0.0488,-0.1914,-0.0190,-0.5742,8.8125,0.02,0.00,0.00,1
1.621,-2.73,0.26,0.20,-0.38,-0.0508,0.8438,0.3190,-0.5742,9.8437,0.02,0.00,0.00,1
1.621,-2.73,0.26,0.20,-0.38,-0.0508,0.8438,0.3190,-0.5742,9.8437,0.02,0.00,0.00,1
1.651,-2.73,0.26,0.22,-0.39,-0.0078,0.0391,0.3761,-0.3047,8.9258,0.02,0.00,0.00,1
1.651,-2.73,0.26,0.22,-0.39,-0.0078,0.0391,0.3761,-0.3047,8.9258,0.11,0.00,0.00,1
1.681,-2.73,0.26,0.20,-0.44,0.0312,-0.8047,0.1191,-0.6523,7.8945,0.11,0.00,0.00,1
1.700,-2.73,0.26,0.17,-0.43,0.0059,0.1914,0.0246,-0.1523,10.0000,0.11,0.00,0.00,1
1.701,-2.73,0.26,0.17,-0.43,0.0059,0.1914,0.0246,-0.1523,10.0000,0.11,0.00,0.00,1
1.731,-2.73,0.26,0.17,-0.41,0.0254,0.0781,0.0868,-0.6133,8.8477,0.11,0.00,0.00,1
1.741,-2.73,0.26,0.17,-0.37,0.0332,0.3437,0.1067,-0.1523,9.6094,0.11,0.00,0.00,1
1.761,-2.73,0.26,0.19,-0.39,-0.0312,0.8438,0.2982,-0.6914,10.0000,0.11,0.00,0.00,1
1.791,-2.72,0.18,0.17,-0.50,-0.0898,0.5742,0.3209,-0.4961,9.5781,0.11,0.00,0.00,1
1.821,-2.73,0.17,0.17,-0.58,-0.0430,0.4609,0.3751,-0.5352,9.9648,0.11,0.00,0.00,1
1.821,-2.73,0.17,0.17,-0.58,-0.0430,0.4609,0.3751,-0.5352,9.9648,0.11,0.00,0.00,1
1.841,-2.73,0.17,0.18,-0.53,0.0352,0.2305,0.3534,-0.1914,9.9219,0.11,0.00,0.00,1
1.841,-2.73,0.17,0.18,-0.53,0.0352,0.2305,0.3534,-0.1914,9.9219,0.11,0.00,0.00,1
1.861,-2.73,0.17,0.19,-0.53,0.0020,0.9961,0.1954,-0.1133,10.8008,0.11,0.00,0.00,1
1.871,-2.73,0.17,0.19,-0.51,0.0117,0.9961,0.3184,-0.1133,10.8008,0.04,0.00,0.00,1
1.889,-2.73,0.17,0.19,-0.48,0.1055,0.6914,0.4432,-0.5352,10.1523,0.04,0.00,0.00,1
1.931,-2.73,0.17,0.24,-0.54,-0.0859,-0.4609,0.0114,-0.9570,8.4219,0.04,0.00,0.00,1
1.941,-2.73,0.17,0.24,-0.55,-0.0020,0.4961,0.0154,-0.2305,9.5391,0.04,0.00,0.00,1
1.941,-2.73,0.17,0.24,-0.55,-0.0020,0.4961,0.0154,-0.2305,9.5391,0.04,0.00,0.00,1
1.961,-2.73,0.17,0.20,-0.60,-0.0684,1.3398,0.3660,-0.4961,10.9141,0.04,0.00,0.00,1
1.981,-2.73,0.17,0.20,-0.71,-0.1016,1.1094,0.6470,-0.1914,10.5312,0.04,0.00,0.00,1
2.001,-2.73,0.17,0.22,-0.79,-0.0703,0.0391,0.3619,0.2695,9.6484,0.04,0.00,0.00,1
2.010,-2.73,0.17,0.22,-0.82,-0.0371,0.0391,0.3123,0.2695,9.6484,0.04,0.00,0.00,1
2.040,-2.73,0.17,0.27,-0.80,-0.0742,1.7617,0.7774,0.0781,11.4531,0.04,0.00,0.00,1
2.041,-2.73,0.17,0.27,-0.80,-0.0742,1.7617,0.7774,0.0781,11.4531,0.04,0.00,0.00,1
2.070,-2.78,0.28,0.26,-0.91,-0.0977,-0.1133,0.2234,-0.4609,8.9219,0.04,0.00,0.00,1
2.081,-2.78,0.28,0.26,-0.84,0.0430,0.2305,0.1992,-0.7266,9.1562,0.06,0.00,0.00,1
2.101,-2.78,0.28,0.28,-0.86,-0.0449,0.6523,0.3032,-0.6133,9.9648,0.06,0.00,0.00,1
2.121,-2.78,0.28,0.30,-0.98,-0.1035,1.2266,0.5493,-0.4609,10.5312,0.06,0.00,0.00,1
2.151,-2.78,0.28,0.33,-0.99,-0.0098,1.7617,0.8012,-0.0781,11.6836,0.06,0.00,0.00,1
2.151,-2.78,0.28,0.33,-0.99,-0.0098,1.7617,0.8012,-0.0781,11.6836,0.06,0.00,0.00,1
2.161,-2.78,0.28,0.33,-1.13,-0.0840,-1.0352,0.7250,-0.9180,7.0117,0.06,0.00,0.00,1
2.180,-2.78,0.28,0.35,-1.09,0.0625,0.3828,0.4387,-0.2305,9.4609,0.06,0.00,0.00,1
2.211,-2.78,0.36,0.36,-1.14,-0.0449,-0.9961,0.2213,-0.4609,7.0898,0.06,0.00,0.00,1
2.212,-2.78,0.36,0.36,-1.14,-0.0449,-0.9961,0.2213,-0.4609,7.0898,0.06,0.00,0.00,1
2.260,-2.76,0.35,0.33,-1.07,0.0391,-0.5742,0.1889,-0.7266,7.5859,0.06,0.00,0.00,1
2.261,-2.76,0.35,0.33,-1.07,0.0391,-0.5742,0.1889,-0.7266,7.5859,0.02,0.00,0.00,1
2.271,-2.76,0.35,0.33,-0.86,0.0742,2.0312,0.2802,-0.0391,10.6523,0.02,0.00,0.00,1
2.291,-2.75,0.32,0.33,-0.89,-0.0469,0.8828,0.6230,-0.9570,8.9219,0.02,0.00,0.00,1
2.301,-2.75,0.32,0.33,-0.74,0.1289,0.7656,0.6535,-0.2695,8.4609,0.02,0.00,0.00,1
2.321,-2.75,0.32,0.33,-0.79,-0.0898,2.1445,0.9969,0.0000,11.2227,0.02,0.00,0.00,1
2.351,-2.75,0.32,0.33,-0.86,-0.0859,2.0703,1.3230,0.1523,10.5312,0.02,0.00,0.00,1
2.381,-2.75,0.32,0.37,-0.96,-0.0859,0.8828,1.4300,-0.6914,8.0781,0.02,0.00,0.00,1
2.401,-2.75,0.32,0.33,-1.11,-0.0898,1.8398,1.4553,0.0781,10.4922,0.02,0.00,0.00,1
2.421,-2.75,0.32,0.32,-1.23,-0.0977,0.9961,1.2263,-0.2695,9.0820,0.02,0.00,0.00,1
2.430,-2.75,0.32,0.32,-1.42,-0.1641,0.9961,1.1910,-0.2695,9.0820,0.02,0.00,0.00,1
2.431,-2.75,0.32,0.32,-1.42,-0.1641,0.9961,1.1910,-0.2695,9.0820,0.02,0.00,0.00,1
2.460,-2.75,0.32,0.20,-1.45,-0.0312,1.1875,1.1142,-1.0352,8.9648,0.02,0.00,0.00,1
2.461,-2.75,0.32,0.20,-1.45,-0.0312,1.1875,1.1142,-1.0352,8.9648,0.09,0.00,0.00,1
2.491,-2.75,0.32,0.15,-1.58,-0.1016,1.3398,1.4317,-0.6133,9.1953,0.09,0.00,0.00,1
2.521,-2.75,0.32,0.19,-1.57,0.1738,-1.3398,0.9367,-0.4961,5.9766,0.09,0.00,0.00,1
2.521,-2.75,0.32,0.19,-1.57,0.1738,-1.3398,0.9367,-0.4961,5.9766,0.09,0.00,0.00,1
2.541,-2.75,0.32,0.13,-1.49,0.0684,0.4219,0.5505,0.0000,9.3437,0.09,0.00,0.00,1
2.541,-2.75,0.32,0.13,-1.49,0.0684,0.4219,0.5505,0.0000,9.3437,0.09,0.00,0.00,1
2.571,-2.75,0.32,0.08,-1.41,0.0703,3.1797,1.2549,-0.4609,11.5742,0.09,0.00,0.00,1
2.571,-2.75,0.32,0.08,-1.41,0.0703,3.1797,1.2549,-0.4609,11.5742,0.09,0.00,0.00,1
2.600,-2.92,0.12,0.08,-1.55,0.1719,0.2305,1.1294,-0.3047,8.0820,0.09,0.00,0.00,1
2.631,-2.92,0.12,0.05,-1.57,-0.1094,1.4922,0.9520,-0.7656,9.5039,0.09,0.00,0.00,1
2.631,-2.92,0.12,0.05,-1.57,-0.1094,1.4922,0.9520,-0.7656,9.5039,0.09,0.17,0.00,1
2.660,-2.92,0.12,0.03,-1.67,0.1465,1.3398,1.4149,-0.7266,8.8477,0.09,0.17,0.00,1
2.661,-2.92,0.12,0.03,-1.67,0.1465,1.3398,1.4149,-0.7266,8.8477,0.17,0.17,0.18,1
2.681,-2.92,0.12,-0.01,-1.63,0.0312,0.2695,1.1525,-0.3437,8.8867,0.17,0.17,0.18,1
2.701,-2.92,0.12,-0.03,-1.55,0.0684,3.4102,1.0125,-0.3437,11.7969,0.17,0.17,0.18,1
2.710,-2.92,0.12,-0.03,-1.41,0.1270,3.4102,1.3808,-0.3437,11.7969,0.17,0.17,0.18,1
2.740,-2.92,0.12,-0.06,-1.45,-0.0215,1.8398,1.7986,0.1914,10.3086,0.17,0.17,0.18,1
2.741,-2.92,0.12,-0.06,-1.45,-0.0215,1.8398,1.7986,0.1914,10.3086,0.17,9.96,0.18,1
2.771,-2.92,0.12,-0.12,-1.52,-0.0566,0.8047,1.0728,0.2695,9.2266,0.17,9.96,0.18,1
2.820,-3.30,-0.13,-0.08,-1.42,0.0859,1.2656,1.8066,-0.8047,8.5820,0.17,9.96,10.08,1
2.821,-3.30,-0.13,-0.08,-1.42,0.0859,1.2656,1.8066,-0.8047,8.5820,0.17,11.96,10.08,1
2.851,-3.30,-0.13,-0.20,-1.77,-0.1172,0.3437,1.2289,-1.2266,7.9727,0.17,11.96,10.08,1
2.861,-3.30,-0.13,-0.20,-1.34,0.2637,1.0742,1.1514,-1.0742,8.5430,0.61,11.96,12.11,1
2.881,-3.30,-0.13,-0.15,-1.44,-0.1777,4.2148,1.8201,-1.1484,12.7578,0.61,11.96,12.11,1
2.911,-3.48,-0.22,-0.21,-1.67,-0.2051,2.2617,2.2360,-0.6914,10.2266,0.61,14.20,12.11,1
2.921,-3.48,-0.22,-0.21,-1.66,0.0039,-1.3398,1.9518,-0.3828,5.8203,0.61,14.20,14.24,1
2.921,-3.48,-0.22,-0.21,-1.66,0.0039,-1.3398,1.9518,-0.3828,5.8203,0.61,14.20,14.24,1
2.941,-3.48,-0.22,-0.30,-1.70,-0.0605,0.1914,1.1685,-0.5352,7.4687,0.61,14.20,14.24,1
2.941,-3.48,-0.22,-0.30,-1.70,-0.0605,0.1914,1.1685,-0.5352,7.4687,0.61,15.80,14.24,1
2.961,-3.48,-0.22,-0.27,-1.60,0.0859,1.6836,1.1656,-0.7266,9.8828,0.61,15.80,14.24,1
2.981,-3.48,-0.22,-0.24,-1.32,0.2539,4.4453,1.7039,-0.9570,13.4062,0.61,15.80,14.24,1
2.990,-3.48,-0.22,-0.24,-1.07,0.2090,4.4453,2.1250,-0.9570,13.4062,0.61,15.80,15.90,1
3.001,-3.48,-0.22,-0.24,-1.23,-0.2832,1.9922,2.2851,-0.9180,9.0391,0.61,15.80,15.90,1
3.021,-3.48,-0.22,-0.38,-1.22,0.0234,1.9922,2.1853,-0.6914,10.3867,0.61,17.83,15.90,1
3.050,-3.56,-0.45,-0.42,-1.24,-0.0195,0.5742,1.3553,-0.6523,8.0781,0.61,17.83,15.90,1
3.051,-3.56,-0.45,-0.42,-1.24,-0.0195,0.5742,1.3553,-0.6523,8.0781,1.26,18.91,17.64,1
3.080,-3.56,-0.45,-0.45,-1.06,0.1094,1.7227,1.4015,-0.5352,9.2656,1.26,18.91,17.64,1
3.081,-3.56,-0.45,-0.45,-1.06,0.1094,1.7227,1.4015,-0.5352,9.2656,1.26,18.91,19.27,1
3.100,-3.56,-0.45,-0.46,-1.36,-0.1758,3.6406,1.9354,0.0391,11.8750,1.26,18.91,19.27,1
3.131,-3.56,-0.45,-0.42,-1.38,-0.0703,2.9883,2.4393,0.0391,10.1523,1.26,21.38,19.27,1
3.131,-3.56,-0.45,-0.42,-1.38,-0.0703,2.9883,2.4393,0.0391,10.1523,1.26,21.38,21.25,1
3.161,-3.61,-0.41,-0.42,-1.63,-0.1875,1.7617,2.2786,-0.8438,8.8867,1.26,21.38,21.25,1
3.191,-3.61,-0.41,-0.51,-1.73,-0.0605,0.8438,1.8501,-0.9180,7.9727,1.26,22.81,21.25,1
3.201,-3.61,-0.41,-0.51,-1.37,0.2090,1.0352,1.7108,-0.4219,6.1641,1.26,25.25,22.59,1
3.201,-3.61,-0.41,-0.51,-1.37,0.2090,1.0352,1.7108,-0.4219,6.1641,1.26,25.25,22.59,1
3.221,-3.61,-0.41,-0.62,-1.49,-0.1953,2.8359,1.8790,-0.5742,11.1484,1.26,25.25,22.59,1
3.240,-3.61,-0.41,-0.63,-1.33,0.1348,1.5313,1.9165,-1.7227,7.3125,1.26,26.33,25.04,1
3.261,-3.61,-0.41,-0.63,-1.08,0.2246,3.3320,2.1677,-1.4180,9.0781,1.26,26.33,25.04,1
3.271,-3.61,-0.41,-0.63,-1.20,-0.0937,3.3320,2.3465,-1.4180,9.0781,1.85,28.98,26.46,1
3.301,-3.52,-0.72,-0.75,-1.13,0.1230,4.7500,2.9049,0.0781,13.1719,1.85,28.98,26.46,1
3.301,-3.52,-0.72,-0.75,-1.13,0.1230,4.7500,2.9049,0.0781,13.1719,1.85,30.26,28.76,1
3.331,-3.52,-0.72,-0.80,-1.31,-0.1035,3.3711,3.3794,0.9570,10.6875,1.85,30.26,28.76,1
3.350,-3.52,-0.72,-0.80,-1.53,0.1680,4.1758,3.5551,-1.6836,10.6523,1.85,32.09,29.78,1
3.351,-3.52,-0.72,-0.80,-1.53,0.1680,4.1758,3.5551,-1.6836,10.6523,1.85,33.51,32.40,1
3.380,-3.52,-0.72,-0.88,-1.66,-0.0684,3.3711,3.4603,-0.8047,10.4141,1.85,33.51,32.40,1
3.411,-3.52,-0.72,-0.97,-1.85,0.1895,1.3398,2.7734,-1.0742,7.0859,1.85,35.29,33.23,1
3.421,-3.52,-0.72,-0.97,-1.92,-0.0586,1.9531,2.6023,0.4961,8.1992,1.85,36.51,35.30,1
3.440,-3.52,-0.72,-1.09,-1.85,0.1113,0.6133,2.0844,-1.1875,7.3906,1.85,36.51,35.30,1
3.441,-3.52,-0.72,-1.09,-1.85,0.1113,0.6133,2.0844,-1.1875,7.3906,1.85,37.89,36.14,1
3.471,-3.52,-0.72,-1.22,-1.62,0.2031,4.3281,2.4476,-1.2266,11.0742,1.85,37.89,36.14,1
3.480,-3.52,-0.72,-1.22,-1.63,-0.0098,2.7969,2.6139,-0.3047,8.6992,0.44,39.06,38.24,1
3.491,-3.52,-0.72,-1.22,-1.79,-0.2480,2.7969,2.6420,-0.3047,8.6992,0.44,40.57,38.65,1
3.520,-3.52,-0.72,-1.49,-1.92,-0.3398,3.9453,3.4729,-0.3828,8.8437,0.44,40.57,38.65,1
3.521,-3.52,-0.72,-1.49,-1.92,-0.3398,3.9453,3.4729,-0.3828,8.8437,0.44,41.69,40.97,1
3.551,-3.52,-0.72,-1.62,-2.12,-0.0820,3.2930,3.5374,-1.1484,9.1602,0.44,41.69,40.97,1
3.561,-3.52,-0.72,-1.62,-2.36,-0.2070,1.1094,3.3252,0.6914,7.0117,0.44,43.96,43.64,1
3.611,-3.52,-0.72,-1.68,-2.29,0.1172,3.6758,2.4593,-0.9180,10.3477,0.44,43.96,43.64,1
3.640,-3.52,-0.72,-1.57,-1.67,0.2363,4.0977,3.3510,-0.3047,10.6484,0.44,46.56,46.50,1
3.641,-3.52,-0.72,-1.57,-1.67,0.2363,4.0977,3.3510,-0.3047,10.6484,0.44,49.05,48.77,1
3.661,-3.52,-0.72,-1.50,-1.78,-0.1836,6.1680,4.0637,-1.2266,12.3008,0.44,49.05,48.77,1
3.661,-3.52,-0.72,-1.50,-1.78,-0.1836,6.1680,4.0637,-1.2266,12.3008,0.89,51.64,49.42,1
3.662,-3.52,-0.72,-1.50,-1.78,-0.1836,6.1680,4.0637,-1.2266,12.3008,0.89,51.64,49.42,1
3.691,-3.52,-0.72,-1.67,-2.21,-0.0039,2.7578,3.7507,-2.0312,8.4648,0.89,51.64,49.42,1
3.691,-3.52,-0.72,-1.67,-2.21,-0.0039,2.7578,3.7507,-2.0312,8.4648,0.89,53.68,51.02,1
3.721,-3.47,-1.80,-1.91,-2.43,-0.1875,-0.1523,2.2981,-0.3437,5.5937,0.89,53.68,51.02,1
3.751,-3.47,-1.80,-2.01,-2.13,0.1758,3.2578,2.5466,0.1914,8.6602,0.89,54.31,53.56,1
3.751,-3.47,-1.80,-2.01,-2.13,0.1758,3.2578,2.5466,0.1914,8.6602,0.89,55.86,53.91,1
3.761,-3.47,-1.80,-2.01,-2.27,-0.0840,5.9375,2.8702,-0.8047,12.1406,0.89,55.86,53.91,1
3.781,-3.47,-1.80,-1.94,-2.20,0.1309,5.3633,3.7888,-0.6133,11.0742,0.89,58.81,55.58,1
3.800,-3.47,-1.80,-1.89,-2.28,-0.0684,4.8281,4.2072,-0.7656,10.5352,0.89,58.82,56.39,1
3.831,-3.47,-1.80,-1.83,-2.29,0.3594,-1.3398,2.7269,0.3437,3.3281,0.89,60.13,57.52,1
3.860,-3.51,-2.08,-1.96,-2.36,-0.0547,-0.2305,1.7565,-0.6523,6.3242,0.89,60.90,60.81,1
3.861,-3.51,-2.08,-1.96,-2.36,-0.0547,-0.2305,1.7565,-0.6523,6.3242,1.39,65.25,62.52,1
3.871,-3.51,-2.08,-1.96,-2.25,0.0664,3.6406,1.7610,-1.5703,9.8867,1.39,65.25,62.52,1
3.891,-3.51,-2.08,-2.49,-2.56,-0.4863,6.5117,3.0372,-1.3789,13.2539,1.39,65.25,62.89,1
3.921,-3.51,-2.08,-2.78,-2.81,-0.3359,6.5898,4.0758,1.0742,11.4961,1.39,69.48,63.39,1
3.941,-3.51,-2.08,-3.04,-3.32,-0.4492,7.2031,5.0686,-0.9180,13.5234,1.39,70.28,66.75,1
3.941,-3.51,-2.08,-3.04,-3.32,-0.4492,7.2031,5.0686,-0.9180,13.5234,1.39,71.21,65.67,1
3.971,-3.51,-2.08,-3.20,-3.52,-0.2832,6.8945,5.5678,-0.0391,12.1055,1.39,71.21,65.67,1
3.971,-3.51,-2.08,-3.20,-3.52,-0.2832,6.8945,5.5678,-0.0391,12.1055,1.39,71.09,67.85,1
4.000,-3.51,-2.08,-3.28,-3.80,0.1836,6.5508,5.5903,-0.4219,12.5273,1.39,71.09,67.85,1
4.001,-3.51,-2.08,-3.28,-3.80,0.1836,6.5508,5.5903,-0.4219,12.5273,1.39,75.35,69.36,1
4.031,-3.51,-2.08,-3.04,-3.45,0.4375,-3.1406,3.6063,-0.4609,-3.2891,1.39,75.35,69.36,1
4.042,-3.51,-2.08,-3.04,-3.27,0.1543,1.1094,2.4531,-1.0742,4.6758,1.39,71.32,74.59,1
4.051,-3.51,-2.08,-3.04,-3.44,-0.2695,1.1094,2.2467,-1.0742,4.6758,1.39,69.22,74.59,1
4.080,-3.51,-2.08,-3.15,-3.32,0.1816,2.4531,2.3253,0.4961,9.9258,1.39,69.22,74.06,1
4.081,-3.51,-2.08,-3.15,-3.32,0.1816,2.4531,2.3253,0.4961,9.9258,1.72,79.81,74.68,1
4.111,-2.78,-3.07,-3.08,-3.01,0.2734,2.0703,2.7724,-0.1523,6.8906,1.72,79.81,74.68,1
4.121,-2.78,-3.07,-3.08,-3.16,-0.0879,4.5586,2.8636,1.3398,9.8047,1.72,82.16,79.73,1
4.140,-2.78,-3.07,-3.26,-3.33,-0.3008,5.7852,3.7129,0.2305,13.7109,1.72,80.17,79.94,1
4.171,-2.78,-3.07,-3.26,-3.35,0.0293,5.6680,4.4383,0.4609,11.1484,1.72,85.01,81.99,1
4.191,-2.78,-3.07,-3.41,-3.67,-0.2461,3.6016,4.3297,0.1523,8.0781,1.72,86.10,83.58,1
4.221,-2.78,-3.07,-3.43,-3.74,-0.0020,4.1758,4.3462,-0.5352,8.3125,1.72,87.76,85.32,1
4.241,-2.78,-3.07,-3.57,-4.10,-0.3145,5.1328,4.0561,-0.3437,16.2422,1.72,93.07,83.89,1
4.251,-2.78,-3.07,-3.57,-4.17,-0.0586,5.1328,4.2215,-0.3437,16.2422,1.72,90.98,86.96,1
4.251,-2.78,-3.07,-3.57,-4.17,-0.0586,5.1328,4.2215,-0.3437,16.2422,1.72,90.52,89.50,1
4.252,-2.78,-3.07,-3.57,-4.17,-0.0586,5.1328,4.2215,-0.3437,16.2422,1.72,90.52,89.50,1
4.280,-2.78,-3.07,-3.48,-3.95,0.1367,3.7930,4.0043,-0.0391,8.8828,1.72,90.52,89.50,1
4.311,-2.21,-3.22,-3.15,-3.60,0.5879,5.8594,3.5664,0.0391,10.7969,0.33,92.18,94.85,1
4.331,-2.21,-3.22,-3.32,-3.55,0.0293,0.9961,3.2718,-1.1484,2.4141,0.33,100.11,96.16,1
4.341,-2.21,-3.22,-3.32,-3.58,-0.0195,4.5586,3.2073,0.5352,6.1680,0.33,101.49,99.32,1
4.341,-2.21,-3.22,-3.32,-3.58,-0.0195,4.5586,3.2073,0.5352,6.1680,0.33,100.84,102.93,1
4.361,-2.21,-3.22,-3.55,-3.60,-0.0449,5.0937,3.7864,-0.7266,6.6289,0.33,100.84,102.93,1
4.391,-2.21,-3.22,-4.06,-3.83,-0.1914,8.1602,5.0529,1.3008,13.2891,0.33,104.70,103.39,1
4.391,-2.21,-3.22,-4.06,-3.83,-0.1914,8.1602,5.0529,1.3008,13.2891,0.33,108.25,98.90,1
4.421,-2.21,-3.22,-4.20,-4.06,0.1113,6.0508,6.2965,0.5352,13.3672,0.33,105.59,100.03,1
4.421,-2.21,-3.22,-4.20,-4.06,0.1113,6.0508,6.2965,0.5352,13.3672,0.33,107.69,102.25,1
4.451,-2.21,-3.22,-4.02,-3.87,0.1621,0.5352,4.3295,0.9570,5.4766,0.33,107.69,102.25,1
4.460,-2.21,-3.22,-4.02,-3.45,0.2422,0.9180,3.7773,-0.1523,5.9023,0.33,105.75,106.44,1
4.501,-2.21,-3.22,-3.79,-3.19,0.1543,5.1719,3.2957,0.4219,11.7187,0.63,109.58,107.55,1
4.501,-2.21,-3.22,-3.79,-3.19,0.1543,5.1719,3.2957,0.4219,11.7187,0.63,112.26,107.09,1
4.531,-2.21,-3.22,-3.70,-2.74,0.3594,7.3945,4.1963,1.0742,14.5156,0.63,110.88,107.09,1
4.560,-2.21,-3.22,-3.76,-3.13,0.0293,5.6328,4.9297,0.4961,11.6445,0.63,114.89,112.16,1
4.561,-2.21,-3.22,-3.76,-3.13,0.0293,5.6328,4.9297,0.4961,11.6445,0.63,115.37,112.25,1
4.561,-2.21,-3.22,-3.76,-3.13,0.0293,5.6328,4.9297,0.4961,11.6445,0.63,115.37,114.08,1
4.591,-2.21,-3.22,-3.93,-3.31,0.2051,1.1484,3.9506,0.5742,7.0469,0.63,115.37,114.08,1
4.611,-2.21,-3.22,-4.05,-3.19,0.1094,2.9492,3.3938,-0.4961,7.6992,0.63,117.63,114.97,1
4.621,-2.21,-3.22,-4.05,-3.15,0.0332,0.8828,3.1602,-0.6523,4.0234,0.63,118.91,116.95,1
4.641,-2.21,-3.22,-4.13,-3.12,0.0527,3.9844,3.0702,0.7656,9.3437,0.63,122.16,118.08,1
4.642,-2.21,-3.22,-4.13,-3.12,0.0527,3.9844,3.0702,0.7656,9.3437,0.63,123.05,119.53,1
4.671,-2.21,-3.22,-3.98,-2.67,0.3770,6.6289,4.5545,0.1914,11.3789,0.63,123.05,119.53,1
4.701,-2.21,-3.22,-3.77,-2.53,0.3535,4.4453,5.1661,0.8828,7.6602,1.20,126.34,121.57,1
4.701,-2.21,-3.22,-3.77,-2.53,0.3535,4.4453,5.1661,0.8828,7.6602,1.20,129.68,126.09,1
4.731,-2.21,-3.22,-3.78,-2.58,-0.0430,1.9922,4.1397,-1.0742,7.0469,1.20,128.32,126.09,1
4.750,0.08,-3.80,-3.78,-2.08,0.2930,-0.4219,2.8733,1.3789,3.4883,1.20,131.32,126.77,1
4.751,0.08,-3.80,-3.78,-2.08,0.2930,-0.4219,2.8733,1.3789,3.4883,1.20,131.41,128.45,1
4.761,0.08,-3.80,-3.78,-1.96,0.1035,4.4062,2.7534,-2.8711,9.3086,1.20,135.21,126.82,1
4.781,0.08,-3.80,-4.09,-2.07,-0.1875,3.2187,3.0541,3.2930,10.7656,1.20,135.21,126.82,1
4.811,0.08,-3.80,-4.38,-2.38,-0.4199,7.1641,4.4881,-0.8828,11.5352,1.20,133.64,128.25,1
4.840,0.08,-3.80,-4.38,-2.49,0.1387,4.4453,4.8252,-4.2539,10.1484,1.20,136.80,128.12,1
4.841,0.08,-3.80,-4.38,-2.49,0.1387,4.4453,4.8252,-4.2539,10.1484,1.20,138.06,137.32,1
4.871,0.08,-3.80,-4.21,-2.33,0.1230,2.9102,3.6638,-2.9102,5.8633,1.20,141.16,137.32,1
4.890,0.53,-4.09,-4.21,-1.93,0.2461,1.8789,3.1787,0.0000,8.0820,1.61,144.07,140.37,1
4.891,0.53,-4.09,-4.21,-1.93,0.2461,1.8789,3.1787,0.0000,8.0820,1.61,143.84,135.80,1
4.920,0.53,-4.09,-3.95,-1.58,0.0703,6.1289,3.4584,-1.1484,9.0391,1.61,143.84,145.86,1
4.921,0.53,-4.09,-3.95,-1.58,0.0703,6.1289,3.4584,-1.1484,9.0391,1.61,147.10,144.61,1
4.951,0.53,-4.09,-3.90,-1.45,-0.0645,6.0508,4.0672,0.4961,12.4062,1.61,147.10,144.61,1
4.961,0.53,-4.09,-3.90,-1.35,0.0840,5.6680,4.3412,-0.3437,7.9297,1.61,147.08,146.74,1
4.981,0.53,-4.09,-3.90,-1.42,-0.1172,3.5625,4.3276,1.7617,11.9844,1.61,150.85,141.32,1
5.011,0.96,-3.94,-3.91,-1.51,-0.0801,4.0625,4.6149,-0.1133,7.0859,1.61,150.69,148.43,1
5.011,0.96,-3.94,-3.91,-1.51,-0.0801,4.0625,4.6149,-0.1133,7.0859,1.61,154.20,144.84,1
5.030,0.96,-3.94,-3.91,-1.75,0.0977,2.9102,4.2032,-0.9180,7.5508,1.61,154.20,144.84,1
5.041,0.96,-3.94,-3.91,-1.78,-0.0449,3.2930,4.0352,-2.5273,9.5820,1.61,151.91,146.33,1
5.060,0.96,-3.94,-4.08,-1.75,0.0840,3.6016,3.8505,0.2695,9.3828,1.61,150.53,150.94,1
5.090,0.96,-3.94,-4.18,-1.85,0.0625,4.0977,3.6981,-1.7617,10.0703,1.94,160.26,150.29,1
5.090,0.96,-3.94,-4.18,-1.85,0.0625,4.0977,3.6981,-1.7617,10.0703,1.94,153.82,158.43,1
5.120,0.96,-3.94,-4.32,-1.85,0.0859,4.5977,3.7215,0.1914,9.3477,1.94,153.82,158.43,1
5.121,0.96,-3.94,-4.32,-1.85,0.0859,4.5977,3.7215,0.1914,9.3477,1.94,163.16,153.96,1
5.140,0.96,-3.94,-4.32,-1.82,0.0059,1.4922,3.2827,-1.9141,9.1211,1.94,163.16,156.96,1
5.171,0.96,-3.94,-4.65,-1.88,-0.0449,3.1406,2.9294,0.4219,8.0391,1.94,158.58,158.30,1
5.171,0.96,-3.94,-4.65,-1.88,-0.0449,3.1406,2.9294,0.4219,8.0391,1.94,166.28,159.29,1
5.201,0.96,-3.94,-4.65,-2.08,-0.1523,2.1836,2.7402,0.9961,6.6250,1.94,166.28,156.89,1
5.231,1.16,-4.81,-4.81,-2.20,-0.0781,3.9453,3.0751,-2.5273,9.7305,1.94,168.18,160.21,1
5.260,1.16,-4.81,-4.95,-2.31,-0.0527,4.7891,3.4681,-0.8828,12.9883,1.94,166.00,168.41,1
5.260,1.16,-4.81,-4.95,-2.31,-0.0527,4.7891,3.4681,-0.8828,12.9883,2.24,169.49,163.99,1
5.261,1.16,-4.81,-4.95,-2.31,-0.0527,4.7891,3.4681,-0.8828,12.9883,2.24,169.49,163.99,1
5.300,1.16,-4.81,-5.15,-2.63,-0.1816,2.8359,3.2543,-1.7227,9.4258,2.24,169.49,163.99,1
5.301,1.16,-4.81,-5.15,-2.63,-0.1816,2.8359,3.2543,-1.7227,9.4258,2.24,176.65,165.70,1
5.310,1.16,-4.81,-5.15,-2.46,0.0801,2.8359,3.1901,-1.7227,9.4258,2.24,176.65,165.40,1
5.341,1.16,-4.81,-5.29,-2.61,-0.1562,3.7539,3.6190,-0.2695,7.9687,2.24,167.50,173.58,1
5.341,1.16,-4.81,-5.29,-2.61,-0.1562,3.7539,3.6190,-0.2695,7.9687,2.24,177.56,164.53,1
5.371,0.63,-5.25,-5.23,-2.42,0.1836,3.7539,3.5864,1.6094,9.9648,2.24,177.56,164.53,1
5.381,0.63,-5.25,-5.23,-2.70,-0.1484,5.8242,3.7778,0.4609,10.2695,2.24,175.50,169.69,1
5.401,0.63,-5.25,-5.33,-2.70,-0.0020,-0.7266,3.0257,-2.1836,7.9687,2.24,182.82,170.47,1
5.431,0.63,-5.25,-5.47,-2.51,0.1641,6.7812,3.4477,-0.3437,14.4375,2.24,174.13,169.26,1
5.431,0.63,-5.25,-5.47,-2.51,0.1641,6.7812,3.4477,-0.3437,14.4375,2.24,183.35,172.92,1
5.449,0.20,-5.38,-5.47,-2.22,0.1660,-0.5352,2.7739,-2.9883,4.1719,2.24,183.35,172.92,1
5.461,0.20,-5.38,-5.47,-2.17,0.0449,-0.8828,2.2378,1.5703,2.5234,2.24,178.41,180.31,1
5.481,0.20,-5.38,-5.43,-2.22,-0.0840,6.2812,2.7595,-2.3750,15.4805,0.78,182.98,174.22,1
5.511,-0.04,-5.42,-5.48,-2.33,-0.0918,0.8828,2.8715,1.2266,3.8281,0.78,184.20,180.25,1
5.540,-0.25,-5.61,-5.57,-1.91,0.2500,6.4375,2.8454,0.9961,12.7187,0.78,186.15,179.05,1
5.571,-0.25,-5.61,-5.72,-2.60,-0.3789,1.4570,3.5953,-4.1758,9.5039,0.78,183.02,177.49,1
5.591,-0.25,-5.61,-5.72,-2.03,0.3594,-0.4609,2.4419,0.4219,2.7578,0.78,187.86,184.88,1
5.601,-0.25,-5.61,-5.72,-1.66,0.3281,5.1719,2.4466,-1.6836,14.7812,0.78,191.50,180.77,1
5.601,-0.25,-5.61,-5.72,-1.66,0.3281,5.1719,2.4466,-1.6836,14.7812,0.78,194.17,177.24,1
5.649,-0.53,-6.04,-5.99,-1.82,-0.2715,-0.5742,2.4395,-3.4492,7.0078,0.78,194.17,177.24,1
5.649,-0.53,-6.04,-5.99,-1.82,-0.2715,-0.5742,2.4395,-3.4492,7.0078,0.78,190.51,191.86,1
5.650,-0.53,-6.04,-5.99,-1.82,-0.2715,-0.5742,2.4395,-3.4492,7.0078,0.78,190.51,191.86,1
5.650,-0.53,-6.04,-5.99,-1.82,-0.2715,-0.5742,2.4395,-3.4492,7.0078,1.26,190.51,370.10,1
5.681,-0.54,-6.32,-6.19,-0.62,0.4258,7.5078,3.0699,0.0000,18.9258,1.26,190.51,370.10,1
5.730,-0.59,-6.76,-6.54,-0.72,0.2793,0.6914,1.3360,-2.6797,8.9258,1.26,196.19,186.15,1
5.731,-0.59,-6.76,-6.54,-0.72,0.2793,0.6914,1.3360,-2.6797,8.9258,1.26,192.38,383.88,1
5.760,-0.59,-6.76,-7.13,-0.68,-0.5781,7.8164,3.1226,0.6523,17.8516,1.26,192.38,383.88,1
5.760,-0.59,-6.76,-7.13,-0.68,-0.5781,7.8164,3.1226,0.6523,17.8516,1.26,198.26,189.11,1
5.761,-0.59,-6.76,-7.13,-0.68,-0.5781,7.8164,3.1226,0.6523,17.8516,1.26,198.26,189.11,1
5.781,-0.59,-6.76,-7.21,-1.02,-0.2852,0.3437,3.3796,3.3320,2.5273,1.26,198.26,189.11,1
5.781,-0.59,-6.76,-7.21,-1.02,-0.2852,0.3437,3.3796,3.3320,2.5273,1.26,196.58,188.22,1
5.821,-0.59,-6.76,-7.46,-1.46,-0.2383,4.3281,2.8111,-0.6523,10.2305,1.26,199.12,187.30,1
5.821,-0.59,-6.76,-7.46,-1.46,-0.2383,4.3281,2.8111,-0.6523,10.2305,1.26,198.37,193.50,1
5.861,-0.59,-6.76,-7.60,-1.51,0.1602,0.5352,3.3756,2.8359,7.3516,1.26,201.90,195.27,1
5.870,-0.59,-6.76,-7.60,-1.45,0.0332,0.5352,2.9393,2.8359,7.3516,1.54,202.06,197.90,1
5.900,-0.59,-6.76,-7.78,-1.50,-0.0723,0.4961,1.9478,0.6914,4.1367,1.54,201.73,196.08,1
5.901,-0.59,-6.76,-7.78,-1.50,-0.0723,0.4961,1.9478,0.6914,4.1367,1.54,202.72,202.55,1
5.901,-0.59,-6.76,-7.78,-1.50,-0.0723,0.4961,1.9478,0.6914,4.1367,1.54,202.72,202.55,1
5.921,-0.59,-6.76,-7.95,-1.24,0.1562,7.5078,2.2308,-0.8438,12.4844,1.54,202.72,202.55,1
5.961,-0.59,-6.76,-8.18,-0.98,-0.4180,1.8008,3.3917,-2.9883,12.4102,1.54,201.61,197.39,1
5.961,-0.59,-6.76,-8.18,-0.98,-0.4180,1.8008,3.3917,-2.9883,12.4102,1.54,207.99,199.12,1
6.000,-1.19,-8.29,-8.22,-0.68,0.1719,3.9062,2.1872,-0.2305,11.1133,1.54,207.99,199.12,1
6.001,-1.19,-8.29,-8.22,-0.68,0.1719,3.9062,2.1872,-0.2305,11.1133,1.54,212.63,199.96,1
6.010,-1.19,-8.29,-8.22,-1.43,-0.3281,3.9062,2.4513,-0.2305,11.1133,1.54,212.63,199.96,1
6.041,-1.19,-8.29,-8.33,-1.29,-0.0957,4.6367,3.1708,-0.9570,14.3281,1.54,213.27,203.67,1
6.041,-1.19,-8.29,-8.33,-1.29,-0.0957,4.6367,3.1708,-0.9570,14.3281,1.54,209.64,200.20,1
6.071,-1.19,-8.29,-8.29,-1.41,0.2812,-0.9570,1.9401,-2.2617,11.2578,1.54,209.64,200.20,1
6.100,-1.19,-8.29,-7.93,-0.78,0.1230,-2.8359,-0.5093,-1.9922,6.2070,33.87,204.29,196.39,1
6.101,-1.19,-8.29,-7.93,-0.78,0.1230,-2.8359,-0.5093,-1.9922,6.2070,33.87,203.50,192.90,1
6.120,-1.19,-8.29,-7.93,-0.58,0.4766,3.3320,0.1959,-2.2617,16.1680,33.87,197.59,192.90,1
6.150,-1.72,-7.29,-7.64,0.04,0.5391,-6.7070,-1.2106,-2.5273,6.2812,33.87,200.20,185.91,1
6.151,-1.72,-7.29,-7.64,0.04,0.5391,-6.7070,-1.2106,-2.5273,6.2812,33.87,198.45,173.52,1
6.169,-1.72,-7.29,-7.64,0.76,0.1543,-7.5898,-2.9648,1.1484,3.9453,33.87,198.45,173.52,1
6.174,-1.72,-7.29,-7.64,0.76,0.1543,-0.0391,-2.7308,-0.7656,12.1797,33.87,194.44,303.95,1
6.221,-1.72,-7.29,-6.02,1.24,0.5957,-4.7891,-3.3701,-1.8789,0.0391,33.87,191.64,290.19,1
6.241,-1.72,-7.29,-5.97,0.88,-0.1250,-4.7891,-3.7725,-1.8789,0.0391,33.87,200.28,61.26,1
6.260,-1.87,-6.39,-5.97,0.78,-0.1094,-4.2148,-3.9337,-4.6719,11.3750,33.87,200.92,61.26,1
6.271,-1.87,-6.39,-6.93,0.78,-0.1094,-13.2500,-5.9955,6.0156,-4.2891,35.50,205.30,61.26,1
6.291,-1.87,-6.39,-7.33,2.04,0.7480,-2.7187,-6.1380,-2.2617,13.1758,35.50,203.38,61.26,1
6.321,-1.87,-6.39,-8.20,1.73,-0.1953,-3.8320,-4.8658,1.4570,11.1875,35.50,199.88,61.26,1
6.321,-1.87,-6.39,-8.20,1.73,-0.1953,-3.8320,-4.8658,1.4570,11.1875,35.50,197.01,61.26,1
6.322,-1.87,-6.39,-8.20,1.73,-0.1953,-3.8320,-4.8658,1.4570,11.1875,35.50,197.01,61.26,1
6.351,-1.87,-6.39,-8.70,1.55,-0.1445,-4.0625,-4.1205,1.6094,9.4219,35.50,197.01,61.26,1
6.381,-1.87,-6.39,-9.29,1.25,-0.1836,-3.0273,-4.0147,-2.6445,10.5742,35.50,195.54,61.26,1
6.381,-1.87,-6.39,-9.29,1.25,-0.1836,-3.0273,-4.0147,-2.6445,10.5742,35.50,195.85,61.26,1
6.400,-2.26,-9.46,-9.29,1.34,0.0508,-2.8359,-3.6923,-1.2266,10.3828,35.50,195.85,61.26,1
6.400,-2.26,-9.46,-9.29,1.34,0.0508,-2.8359,-3.6923,-1.2266,10.3828,35.50,187.69,61.26,1
6.430,-2.10,-9.79,-9.59,1.22,-0.0703,-5.2852,-4.2644,-1.4922,8.2344,35.50,192.42,61.26,1
6.431,-2.10,-9.79,-9.59,1.22,-0.0703,-5.2852,-4.2644,-1.4922,8.2344,35.50,187.27,61.26,1
6.460,-2.10,-9.79,-10.17,0.96,-0.1484,-2.3359,-3.7527,-1.1484,13.5273,35.50,184.13,61.26,1
6.461,-2.10,-9.79,-10.17,0.96,-0.1484,-2.3359,-3.7527,-1.1484,13.5273,35.39,184.30,61.26,1
6.501,-2.10,-9.79,-10.10,1.12,0.1367,-7.0898,-4.0487,0.1523,3.1797,35.39,184.30,61.26,1
6.521,-2.10,-9.79,-10.15,0.87,-0.1074,-3.2930,-4.2452,-0.4609,10.3086,35.39,181.00,61.26,1
6.521,-2.10,-9.79,-10.15,0.87,-0.1074,-3.2930,-4.2452,-0.4609,10.3086,35.39,177.94,61.26,1
6.540,-2.10,-9.79,-10.14,0.90,0.0234,-1.0742,-3.4295,0.5352,11.9570,35.39,177.94,61.26,1
6.581,-2.10,-9.79,-10.12,0.90,0.0234,-2.0312,-3.5853,-0.1914,12.0273,35.39,177.59,61.26,1
6.601,-2.10,-9.79,-10.01,1.34,0.1289,-2.6055,-3.1826,0.1523,12.1016,35.39,171.12,61.26,1
6.601,-2.10,-9.79,-10.01,1.34,0.1289,-2.6055,-3.1826,0.1523,12.1016,35.39,165.40,61.26,1
6.602,-2.10,-9.79,-10.01,1.34,0.1289,-2.6055,-3.1826,0.1523,12.1016,35.39,165.40,61.26,1
6.630,-0.71,-9.69,-9.83,1.50,0.1348,-4.4453,-3.2570,0.0000,6.4414,35.39,165.40,61.26,1
6.631,-0.71,-9.69,-9.83,1.50,0.1348,-4.4453,-3.2570,0.0000,6.4414,35.39,169.69,61.26,1
6.661,-0.71,-9.69,-9.71,1.42,-0.0488,-3.6406,-4.2122,0.1523,8.9648,35.39,170.68,61.26,1
6.681,-0.71,-9.69,-9.76,1.30,-0.1094,-1.4570,-3.5341,-1.0352,12.8711,32.24,166.67,61.26,1
6.710,-0.62,-9.68,-9.71,1.33,0.0293,-4.2539,-3.2529,-1.3008,8.2773,32.24,163.99,61.26,1
6.711,-0.62,-9.68,-9.71,1.33,0.0293,-4.2539,-3.2529,-1.3008,8.2773,32.24,161.68,61.26,1
6.740,-0.62,-9.68,-9.66,1.37,-0.0078,-2.4531,-3.2640,-0.8828,9.3086,32.24,163.21,61.26,1
6.741,-0.62,-9.68,-9.66,1.37,-0.0078,-2.4531,-3.2640,-0.8828,9.3086,32.24,163.35,0.00,1
6.770,-0.62,-9.68,-9.74,1.27,-0.1055,-2.0703,-3.4737,0.2695,10.9922,32.24,163.35,0.00,1
6.771,-0.62,-9.68,-9.74,1.27,-0.1055,-2.0703,-3.4737,0.2695,10.9922,32.24,157.28,0.00,1
6.800,-0.62,-9.68,-9.75,1.23,-0.0332,-3.6016,-3.1814,-0.1914,10.1094,32.24,157.28,0.00,1
6.801,-0.62,-9.68,-9.75,1.23,-0.0332,-3.6016,-3.1814,-0.1914,10.1094,32.24,155.79,0.00,1
6.831,-0.62,-9.68,-9.71,1.27,0.0234,-3.2187,-3.2352,-1.1094,11.0742,32.24,155.79,0.00,1
6.851,-1.62,-9.65,-9.71,1.23,-0.0234,-3.1016,-3.2037,-2.0312,9.7305,32.24,154.27,0.00,1
6.881,-1.62,-9.65,-9.65,1.20,-0.0254,-4.3672,-3.8351,-1.8789,7.4297,30.63,152.39,0.00,1
6.881,-1.62,-9.65,-9.65,1.20,-0.0254,-4.3672,-3.8351,-1.8789,7.4297,30.63,152.07,0.00,1
6.911,-1.62,-9.65,-9.75,1.11,-0.0723,-2.8359,-3.6417,-1.3398,10.3437,30.63,152.07,0.00,1
6.940,-1.62,-9.65,-9.81,0.98,-0.0859,-2.8359,-3.5287,-2.7578,10.4922,30.63,149.30,0.00,1
6.941,-1.62,-9.65,-9.81,0.98,-0.0859,-2.8359,-3.5287,-2.7578,10.4922,30.63,143.70,0.00,1
6.961,-1.62,-9.65,-9.81,1.10,0.0703,-3.1016,-3.3513,-2.1836,11.1914,30.63,143.70,0.00,1
6.991,-2.74,-9.75,-9.77,1.16,0.0547,-2.9492,-3.2529,-1.8789,11.1094,30.63,144.09,0.00,1
7.000,-2.74,-9.75,-9.77,1.23,0.0410,-3.7148,-3.2675,-3.4102,9.1602,30.63,141.22,0.00,1
7.000,-2.74,-9.75,-9.77,1.23,0.0410,-3.7148,-3.2675,-3.4102,9.1602,30.63,138.54,0.00,1
7.051,-3.03,-9.74,-9.75,1.22,-0.0156,-2.1055,-3.1349,-2.9492,9.8477,30.63,138.54,0.00,1
7.081,-3.03,-9.74,-9.73,0.99,-0.0801,-2.9883,-3.0587,-2.9102,9.5039,27.78,138.10,0.00,1
7.081,-3.03,-9.74,-9.73,0.99,-0.0801,-2.9883,-3.0587,-2.9102,9.5039,27.78,135.54,0.00,1
7.101,-3.03,-9.74,-9.68,1.12,0.0723,-4.4062,-3.3485,-2.0703,7.9297,27.78,135.54,0.00,1
7.130,-3.26,-9.66,-9.67,1.14,0.0234,-3.1797,-3.3658,-1.1094,10.4570,27.78,131.06,0.00,1
7.131,-3.26,-9.66,-9.67,1.14,0.0234,-3.1797,-3.3658,-1.1094,10.4570,27.78,130.51,0.00,1
7.131,-3.26,-9.66,-9.67,1.14,0.0234,-3.1797,-3.3658,-1.1094,10.4570,27.78,130.51,0.00,1
7.141,-3.26,-9.66,-9.67,1.23,0.0488,-3.4102,-3.3557,-0.4219,9.4219,27.78,130.51,0.00,1
7.161,-3.26,-9.66,-9.66,1.20,-0.0586,-3.5234,-3.3993,-0.8438,8.3516,27.78,131.49,0.00,1
7.161,-3.26,-9.66,-9.66,1.20,-0.0586,-3.5234,-3.3993,-0.8438,8.3516,27.78,127.98,0.00,1
7.181,-3.26,-9.66,-9.68,1.14,-0.0469,-3.7539,-3.3193,0.0781,8.9258,27.78,127.98,0.00,1
7.221,-3.26,-9.66,-9.67,1.05,-0.0449,-3.1406,-3.2443,-0.4961,9.6484,27.78,124.77,0.00,1
7.221,-3.26,-9.66,-9.67,1.05,-0.0449,-3.1406,-3.2443,-0.4961,9.6484,27.78,125.93,0.00,1
7.240,-3.26,-9.66,-9.67,1.12,0.0352,-4.1367,-3.3743,1.0352,7.3945,27.78,122.55,0.00,1
7.271,-3.26,-9.66,-9.63,1.11,0.0488,-4.7109,-3.5941,-0.1523,6.6680,27.78,121.83,0.00,1
7.300,-3.26,-9.66,-9.68,1.05,-0.0215,-3.6758,-3.5027,-0.3828,9.0430,26.13,121.46,0.00,1
7.301,-3.26,-9.66,-9.68,1.05,-0.0215,-3.6758,-3.5027,-0.3828,9.0430,26.13,119.23,0.00,1
7.301,-3.26,-9.66,-9.68,1.05,-0.0215,-3.6758,-3.5027,-0.3828,9.0430,26.13,119.23,0.00,1
7.331,-3.26,-9.66,-9.74,1.01,-0.1250,-3.1406,-3.5537,-0.2695,9.9219,26.13,119.23,0.00,1
7.331,-3.26,-9.66,-9.74,1.01,-0.1250,-3.1406,-3.5537,-0.2695,9.9219,26.13,116.96,0.00,1
7.361,-3.26,-9.66,-9.80,0.94,-0.0312,-2.6445,-3.2088,-1.1094,10.9141,26.13,112.60,0.00,1
7.380,-3.26,-9.66,-9.80,0.95,-0.0430,-3.5625,-3.2519,-1.3008,10.0742,26.13,111.77,0.00,1
7.381,-3.26,-9.66,-9.80,0.95,-0.0430,-3.5625,-3.2519,-1.3008,10.0742,26.13,110.44,0.00,1
7.421,-3.26,-9.66,-9.78,0.93,-0.0645,-3.4492,-3.3022,-0.4219,9.2695,26.13,108.23,0.00,1
7.421,-3.26,-9.66,-9.78,0.93,-0.0645,-3.4492,-3.3022,-0.4219,9.2695,26.13,107.83,0.00,1
7.441,-3.26,-9.66,-9.78,0.95,0.0117,-3.7148,-3.4111,-0.7656,8.1953,26.13,108.50,0.00,1
7.469,-4.44,-9.77,-9.80,0.94,-0.0098,-2.7969,-3.2500,-0.6133,10.6914,26.13,107.00,0.00,1
7.470,-4.44,-9.77,-9.80,0.94,-0.0098,-2.7969,-3.2500,-0.6133,10.6914,24.22,103.07,0.00,1
7.481,-4.44,-9.77,-9.80,0.92,-0.0117,-4.3672,-3.3060,-0.7656,7.6953,24.22,103.67,0.00,1
7.501,-4.44,-9.77,-9.76,0.94,0.0371,-3.6758,-3.5148,-0.5352,10.1914,24.22,103.67,0.00,1
7.520,-4.44,-9.77,-9.76,0.93,-0.0703,-4.5586,-3.7558,-0.6133,7.7734,24.22,102.36,0.00,1
7.551,-4.24,-9.74,-9.72,0.93,0.0020,-3.2187,-3.5417,0.0000,10.2266,24.22,101.94,0.00,1
7.551,-4.24,-9.74,-9.72,0.93,0.0020,-3.2187,-3.5417,0.0000,10.2266,24.22,96.39,0.00,1
7.580,-4.24,-9.74,-9.62,0.97,0.0215,-3.3711,-3.4301,0.7266,10.2266,24.22,96.39,0.00,1
7.610,-4.24,-9.53,-9.52,1.09,0.0723,-3.0664,-3.3958,0.9570,10.5742,24.22,95.14,0.00,1
7.610,-4.24,-9.53,-9.52,1.09,0.0723,-3.0664,-3.3958,0.9570,10.5742,24.22,94.80,0.00,1
7.621,-4.24,-9.53,-9.52,1.12,0.0176,-3.5234,-3.3595,1.0352,9.1953,24.22,94.80,0.00,1
7.641,-4.24,-9.53,-9.41,1.13,0.0234,-3.4844,-3.4067,0.0781,8.9648,24.22,92.04,0.00,1
7.660,-4.24,-9.53,-9.41,1.17,-0.0059,-3.8320,-3.5057,0.0000,9.0000,24.22,90.78,0.00,1
7.690,-4.24,-9.53,-9.29,1.20,0.0508,-3.8672,-3.5400,-0.3437,8.5820,22.04,88.80,0.00,1
7.690,-4.24,-9.53,-9.29,1.20,0.0508,-3.8672,-3.5400,-0.3437,8.5820,22.04,87.26,0.00,1
7.721,-4.24,-9.53,-9.17,1.27,-0.0117,-2.6797,-3.3034,-0.4961,10.0039,22.04,87.34,0.00,1
7.721,-4.24,-9.53,-9.17,1.27,-0.0117,-2.6797,-3.3034,-0.4961,10.0039,22.04,85.40,0.00,1
7.751,-4.24,-9.53,-9.06,1.32,0.0840,-3.4844,-3.3646,0.4219,8.6562,22.04,85.40,0.00,1
7.781,-4.24,-9.53,-9.01,1.34,-0.0977,-2.6797,-3.3849,0.7266,10.6094,22.04,80.62,0.00,1
7.781,-4.24,-9.53,-9.01,1.34,-0.0977,-2.6797,-3.3849,0.7266,10.6094,22.04,79.87,0.00,1
7.800,-4.24,-9.53,-9.01,1.28,-0.0020,-2.4141,-3.1261,-0.2305,10.6914,22.04,79.87,0.00,1
7.811,-4.24,-9.53,-9.01,1.29,0.0156,-2.7969,-3.0473,-0.5742,10.6875,22.04,77.59,0.00,1
7.830,-4.24,-9.53,-8.93,1.31,0.0352,-3.7539,-3.1738,-0.4609,9.3828,22.04,77.59,0.00,1
7.860,-4.24,-9.53,-8.81,1.45,0.0039,-2.6445,-2.9404,-1.3398,10.1133,22.04,74.57,0.00,1
7.860,-4.24,-9.53,-8.81,1.45,0.0039,-2.6445,-2.9404,-1.3398,10.1133,19.21,74.29,0.00,1
7.900,-4.65,-8.67,-8.81,1.54,0.0566,-3.6016,-3.0342,-1.1875,8.3555,19.21,74.29,0.00,1
7.901,-4.65,-8.67,-8.81,1.54,0.0566,-3.6016,-3.0342,-1.1875,8.3555,19.21,72.55,0.00,1
7.940,-4.71,-8.55,-8.58,1.60,0.0840,-4.2891,-3.4626,-1.3398,6.6680,19.21,72.55,0.00,1
7.941,-4.71,-8.55,-8.58,1.60,0.0840,-4.2891,-3.4626,-1.3398,6.6680,19.21,69.30,0.00,1
7.971,-4.73,-8.57,-8.56,1.61,0.0059,-2.9492,-3.3806,0.1914,8.7344,19.21,69.30,0.00,1
8.000,-4.73,-8.57,-8.62,1.63,-0.0566,-2.9883,-3.1790,-0.5742,8.8477,19.21,67.72,0.00,1
8.001,-4.73,-8.57,-8.62,1.63,-0.0566,-2.9883,-3.1790,-0.5742,8.8477,19.21,65.28,0.00,1
8.001,-4.73,-8.57,-8.62,1.63,-0.0566,-2.9883,-3.1790,-0.5742,8.8477,19.21,65.28,0.00,1
8.031,-4.73,-8.57,-8.64,1.63,-0.0508,-3.1016,-3.0665,-0.1133,8.4258,19.21,65.28,0.00,1
8.031,-4.73,-8.57,-8.64,1.63,-0.0508,-3.1016,-3.0665,-0.1133,8.4258,19.21,62.87,0.00,1
8.061,-4.73,-8.57,-8.66,1.60,-0.0195,-2.1055,-2.9013,0.0391,10.5312,19.21,62.87,0.00,1
8.061,-4.73,-8.57,-8.66,1.60,-0.0195,-2.1055,-2.9013,0.0391,10.5312,17.26,61.04,0.00,1
8.080,-4.73,-8.57,-8.66,1.62,0.0137,-4.5195,-3.2099,0.2695,6.9727,17.26,61.04,0.00,1
8.110,-4.73,-8.57,-8.67,1.61,0.0020,-4.9023,-3.7814,-0.7266,6.7461,17.26,60.31,0.00,1
8.111,-4.73,-8.57,-8.67,1.61,0.0020,-4.9023,-3.7814,-0.7266,6.7461,17.26,58.86,0.00,1
8.171,-4.99,-8.84,-8.91,1.52,-0.0664,-3.3711,-3.9024,-1.6836,11.1094,17.26,57.73,0.00,1
8.200,-4.99,-8.84,-8.90,1.53,0.0039,-3.5234,-3.7699,-1.4570,12.0273,17.26,51.66,0.00,1
8.200,-4.99,-8.84,-8.90,1.53,0.0039,-3.5234,-3.7699,-1.4570,12.0273,17.26,49.54,0.00,1
8.201,-4.99,-8.84,-8.90,1.53,0.0039,-3.5234,-3.7699,-1.4570,12.0273,17.26,49.54,0.00,1
8.220,-4.99,-8.84,-8.78,1.57,0.0215,-4.0234,-3.7965,-0.5352,10.9531,17.26,49.54,0.00,1
8.221,-4.99,-8.84,-8.78,1.57,0.0215,-4.0234,-3.7965,-0.5352,10.9531,17.26,47.19,0.00,1
8.241,-4.99,-8.84,-8.65,1.62,0.0469,-4.3672,-3.8578,-0.7656,10.6133,17.26,47.19,0.00,1
8.281,-4.74,-8.38,-8.31,1.73,0.0859,-5.8242,-4.3764,-1.1484,8.1953,17.26,45.27,0.00,1
8.281,-4.74,-8.38,-8.31,1.73,0.0859,-5.8242,-4.3764,-1.1484,8.1953,14.87,41.02,0.00,1
8.290,-4.74,-8.38,-8.31,1.77,0.0176,-4.3281,-4.4791,-0.4609,10.3047,14.87,41.02,0.00,1
8.310,-4.74,-8.38,-8.21,1.75,-0.0352,-3.7930,-4.3092,-0.4961,10.3086,14.87,41.02,0.00,1
8.341,-4.56,-8.10,-8.07,1.77,0.0156,-3.5234,-3.9451,0.0391,9.6914,14.87,38.56,0.00,1
8.341,-4.56,-8.10,-8.07,1.77,0.0156,-3.5234,-3.9451,0.0391,9.6914,14.87,36.86,0.00,1
8.360,-4.53,-7.93,-8.07,1.88,0.0605,-2.6055,-3.6223,-0.0781,10.8359,14.87,36.86,0.00,1
8.389,-4.53,-7.93,-7.79,1.90,0.0215,-2.7578,-3.3256,-0.2305,10.2656,14.87,34.47,0.00,1
8.390,-4.53,-7.93,-7.79,1.90,0.0215,-2.7578,-3.3256,-0.2305,10.2656,14.87,34.47,0.00,1
8.401,-4.53,-7.93,-7.79,1.93,0.0039,-2.2227,-3.1956,-1.0352,9.7656,14.87,33.04,0.00,1
8.421,-4.53,-7.93,-7.64,1.95,0.0234,-3.1797,-3.0757,-0.3828,8.6602,14.87,33.04,0.00,1
8.441,-4.53,-7.93,-7.58,1.90,-0.0469,-3.7930,-3.1542,-0.6523,8.3906,14.87,33.04,0.00,1
8.450,-4.53,-7.93,-7.58,1.85,-0.0391,-3.7930,-3.2523,-0.6523,8.3906,14.87,30.33,0.00,1
8.481,-4.53,-7.93,-7.44,1.86,-0.0195,-3.7930,-3.2995,0.4609,8.3555,12.59,28.41,0.00,1
8.500,-4.66,-7.34,-7.44,1.86,0.0039,-2.4141,-3.1343,-0.5352,10.4180,12.59,28.41,0.00,1
8.501,-4.66,-7.34,-7.44,1.86,0.0039,-2.4141,-3.1343,-0.5352,10.4180,12.59,24.97,0.00,1
8.531,-4.66,-7.34,-7.21,1.96,0.0137,-3.1406,-3.1348,-0.6133,9.4648,12.59,24.97,0.00,1
8.561,-4.66,-7.34,-7.15,1.91,-0.0312,-3.2187,-3.3991,-0.4609,9.1992,12.59,24.97,0.00,1
8.561,-4.66,-7.34,-7.15,1.91,-0.0312,-3.2187,-3.3991,-0.4609,9.1992,12.59,22.33,0.00,1
8.601,-4.79,-7.06,-7.11,1.96,0.0332,-3.7930,-3.5363,-0.3047,8.9219,12.59,22.33,0.00,1
8.640,-4.79,-7.06,-6.94,1.88,-0.0723,-4.0977,-3.7287,0.0391,8.9609,12.59,18.14,0.00,1
8.641,-4.79,-7.06,-6.94,1.88,-0.0723,-4.0977,-3.7287,0.0391,8.9609,12.59,18.14,0.00,1
8.669,-4.79,-7.06,-6.94,1.84,-0.0371,-3.4102,-3.7384,-0.7656,10.1484,12.59,18.14,0.00,1
8.670,-4.79,-7.06,-6.94,1.84,-0.0371,-3.4102,-3.7384,-0.7656,10.1484,10.32,18.14,0.00,1
8.670,-4.79,-7.06,-6.94,1.84,-0.0371,-3.4102,-3.7384,-0.7656,10.1484,10.32,18.14,0.00,1
8.671,-4.79,-7.06,-6.94,1.84,-0.0371,-3.4102,-3.7384,-0.7656,10.1484,10.32,18.14,0.00,1
8.731,-4.79,-7.06,-6.77,1.86,-0.0254,-3.0664,-3.6893,0.1133,10.3047,10.32,12.99,0.00,1
8.731,-4.79,-7.06,-6.77,1.86,-0.0254,-3.0664,-3.6893,0.1133,10.3047,10.32,12.99,0.00,1
8.761,-4.79,-7.06,-6.66,1.97,-0.0488,-2.7578,-3.4775,-0.2305,10.5312,10.32,12.99,0.00,1
8.761,-4.79,-7.06,-6.66,1.97,-0.0488,-2.7578,-3.4775,-0.2305,10.5312,10.32,12.99,0.00,1
8.781,-4.79,-7.06,-6.62,1.91,-0.0527,-2.9102,-3.2659,-0.1133,10.0703,10.32,12.99,0.00,1
8.810,-5.56,-6.53,-6.54,1.97,0.0312,-3.2930,-3.1293,-0.0391,8.8828,10.32,12.99,0.00,1
8.810,-5.56,-6.53,-6.54,1.97,0.0312,-3.2930,-3.1293,-0.0391,8.8828,10.32,12.99,0.00,1
8.811,-5.56,-6.53,-6.54,1.97,0.0312,-3.2930,-3.1293,-0.0391,8.8828,10.32,12.99,0.00,1
8.870,-5.90,-5.87,-5.79,2.10,0.0352,-0.9961,-2.1541,-0.3828,9.7656,10.32,12.99,0.00,1
8.871,-5.90,-5.87,-5.79,2.10,0.0352,-0.9961,-2.1541,-0.3828,9.7656,7.54,12.99,0.00,1
8.901,-5.90,-5.87,-5.53,2.21,-0.0684,-0.4219,-1.5284,-0.5352,9.2695,7.54,12.99,0.00,1
8.901,-5.90,-5.87,-5.53,2.21,-0.0684,-0.4219,-1.5284,-0.5352,9.2695,7.54,12.99,0.00,1
8.921,-5.90,-5.87,-5.43,2.12,-0.0723,-0.5352,-1.1763,-0.5742,8.8437,7.54,12.99,0.00,1
8.940,-5.90,-5.87,-5.35,2.06,-0.0547,-0.8047,-0.8495,-0.5352,8.3164,7.54,12.99,0.00,1
8.951,-5.90,-5.87,-5.35,1.97,-0.0742,-0.8047,-0.8427,-0.5352,8.3164,7.54,12.99,0.00,1
8.960,-5.90,-5.87,-5.35,1.92,-0.1055,-0.5742,-0.8184,-0.3047,8.5820,7.54,12.99,0.00,1
8.961,-5.90,-5.87,-5.35,1.92,-0.1055,-0.5742,-0.8184,-0.3047,8.5820,7.54,12.99,0.00,1
8.981,-5.90,-5.87,-5.22,1.90,-0.0352,-2.4531,-1.1510,-0.3047,5.6328,7.54,12.99,0.00,1
9.011,-5.90,-5.87,-5.27,1.66,-0.1582,-2.1445,-1.4208,-0.7266,6.6641,7.54,12.99,0.00,1
9.021,-5.90,-5.87,-5.27,1.43,-0.2129,-0.7656,-1.4216,-1.5703,9.2266,7.54,12.99,0.00,1
9.041,-5.90,-5.87,-5.44,1.30,-0.2324,-1.2266,-1.3000,-2.6797,8.7383,7.54,12.99,0.00,1
9.091,-7.94,-5.68,-5.74,1.06,-0.2285,1.6484,-0.3859,0.8438,12.5234,7.54,12.99,0.00,1
9.091,-7.94,-5.68,-5.74,1.06,-0.2285,1.6484,-0.3859,0.8438,12.5234,4.96,12.99,0.00,1
9.101,-7.94,-5.68,-5.74,0.42,-0.2246,2.8711,0.0244,-0.3047,13.1016,4.96,12.99,0.00,1
9.121,-7.94,-5.68,-5.80,0.36,-0.1074,2.5664,0.9275,-1.4180,11.9141,4.96,12.99,0.00,1
9.121,-7.94,-5.68,-5.80,0.36,-0.1074,2.5664,0.9275,-1.4180,11.9141,4.96,12.99,0.00,1
9.150,-8.65,-5.75,-5.74,0.23,-0.1016,1.9141,1.7656,-3.6016,6.8555,4.96,12.99,0.00,1
9.151,-8.65,-5.75,-5.74,0.23,-0.1016,1.9141,1.7656,-3.6016,6.8555,4.96,12.99,0.00,1
9.181,-8.65,-5.75,-5.58,0.28,-0.0332,4.0625,2.7954,-1.3789,8.9258,4.96,12.99,0.00,1
9.181,-8.65,-5.75,-5.58,0.28,-0.0332,4.0625,2.7954,-1.3789,8.9258,4.96,0.00,0.00,1
9.201,-8.65,-5.75,-5.31,0.46,0.1543,4.3672,3.2948,0.1914,10.6523,4.96,0.00,0.00,1
9.221,-8.65,-5.75,-5.01,0.65,0.1699,1.8789,3.3802,0.6523,7.5117,4.96,0.00,0.00,1
9.261,-8.65,-5.75,-4.37,1.00,0.2520,1.3398,2.6394,-0.2305,8.5391,4.96,0.00,0.00,1
9.261,-8.65,-5.75,-4.37,1.00,0.2520,1.3398,2.6394,-0.2305,8.5391,2.06,0.00,0.00,1
9.291,-8.65,-5.75,-3.75,1.34,0.2637,1.0742,1.9042,-1.7227,10.6875,2.06,0.00,0.00,1
9.291,-8.65,-5.75,-3.75,1.34,0.2637,1.0742,1.9042,-1.7227,10.6875,2.06,1.69,0.00,1
9.321,-10.93,-3.34,-3.15,1.62,0.1758,-1.3789,0.7829,-1.2656,8.3906,2.06,1.69,0.00,1
9.321,-10.93,-3.34,-3.15,1.62,0.1758,-1.3789,0.7829,-1.2656,8.3906,2.06,1.69,0.00,1
9.341,-10.93,-3.34,-2.78,2.05,0.2500,-2.4531,-0.1918,-1.3789,7.7383,2.06,1.69,0.00,1
9.370,-12.04,-2.31,-2.44,2.37,0.2812,-2.5664,-1.0242,-2.2227,8.3125,2.06,1.69,0.00,1
9.370,-12.04,-2.31,-2.44,2.37,0.2812,-2.5664,-1.0242,-2.2227,8.3125,2.06,1.69,0.00,1
9.400,-12.04,-2.31,-2.00,2.65,0.1250,-2.8711,-1.8658,-2.6797,8.7344,2.06,1.69,0.00,1
9.422,-12.04,-2.31,-2.00,2.80,-0.0078,-1.8398,-1.8222,-3.3320,8.8164,2.06,1.69,0.00,1
9.423,-12.04,-2.31,-2.00,2.80,-0.0078,-1.8398,-1.8222,-3.3320,8.8164,2.06,1.69,0.00,1
9.480,-12.04,-2.31,0.55,2.84,0.0078,-0.9570,-1.7207,-3.4102,8.0391,2.06,1.69,0.00,1
9.480,-12.04,-2.31,0.55,2.84,0.0078,-0.9570,-1.7207,-3.4102,8.0391,1.11,1.69,0.00,1
9.481,-12.04,-2.31,0.55,2.84,0.0078,-0.9570,-1.7207,-3.4102,8.0391,1.11,1.69,0.00,1
9.491,-12.04,-2.31,0.55,2.73,-0.0391,0.2305,-1.5084,-3.7148,10.4922,1.11,1.69,0.00,1
9.511,-12.04,-2.31,2.56,2.70,-0.0469,0.1914,-0.9242,-3.1406,9.0781,1.11,1.69,0.00,1
9.521,-12.04,-2.31,2.56,2.59,-0.0977,0.3047,-0.7438,-4.2148,9.0820,1.11,1.69,0.00,1
9.540,-12.04,-2.31,3.92,2.63,0.0625,-0.5352,-0.5722,-3.8320,7.4336,1.11,1.69,0.00,1
9.570,-12.04,-2.31,4.90,2.59,-0.0508,0.9180,0.2013,-3.6406,9.4219,1.11,1.69,0.00,1
9.581,-12.04,-2.31,4.90,2.49,-0.0918,1.6484,0.3698,-3.5234,10.0352,1.11,1.69,0.00,1
9.600,-12.04,-2.31,5.69,2.54,0.0879,-1.1875,0.1781,-3.2930,6.5859,1.11,1.69,0.00,1
9.620,-12.04,-2.31,6.10,2.55,0.0098,0.7656,0.2231,-3.1406,9.2266,1.11,1.69,0.00,1
9.651,-14.40,6.65,6.10,2.56,0.0117,1.6094,0.5177,-3.4492,9.8086,1.11,1.69,0.00,1
9.661,-14.40,6.65,6.10,2.42,-0.0820,-0.7656,0.4954,-3.3711,7.3906,1.11,1.69,0.00,1
9.661,-14.40,6.65,6.10,2.42,-0.0820,-0.7656,0.4954,-3.3711,7.3906,1.09,1.69,0.00,1
9.710,-14.38,7.34,7.46,2.43,0.0098,1.3789,0.4161,-2.9883,10.9180,1.09,1.69,0.00,1
9.711,-14.38,7.34,7.46,2.43,0.0098,1.3789,0.4161,-2.9883,10.9180,1.09,1.69,0.00,1
9.729,-14.38,7.34,7.46,2.19,0.0332,0.2305,0.4350,-3.5625,8.6602,1.09,1.69,0.00,1
9.729,-14.38,7.34,7.46,2.19,0.0332,0.2305,0.4350,-3.5625,8.6602,1.09,1.69,0.00,1
9.760,-14.24,7.89,7.81,2.19,0.0332,-0.4961,0.0906,-3.8672,8.1602,1.09,1.69,0.00,1
9.761,-14.24,7.89,7.81,2.19,0.0332,-0.4961,0.0906,-3.8672,8.1602,1.09,1.69,0.00,1
9.791,-14.24,7.89,8.06,2.39,-0.0801,0.6133,0.3931,-3.6016,9.6133,1.09,1.69,0.00,1
9.801,-14.24,7.89,8.06,2.32,-0.0566,-0.6133,0.3288,-3.4102,7.8516,1.09,0.00,0.00,1
9.861,-13.81,8.28,8.31,2.35,0.0469,0.0781,0.3665,-3.4492,8.6953,1.09,0.00,0.00,1
9.881,-13.81,8.28,8.38,2.57,0.0645,-0.9180,0.0477,-3.2930,8.0391,0.33,0.00,0.00,1
9.881,-13.81,8.28,8.38,2.57,0.0645,-0.9180,0.0477,-3.2930,8.0391,0.33,0.00,0.00,1
9.901,-13.81,8.28,8.45,2.66,0.0723,0.2695,-0.0187,-3.1797,8.9219,0.33,0.00,0.00,1
9.901,-13.81,8.28,8.45,2.66,0.0723,0.2695,-0.0187,-3.1797,8.9219,0.33,0.00,0.00,1
9.902,-13.81,8.28,8.45,2.66,0.0723,0.2695,-0.0187,-3.1797,8.9219,0.33,0.00,0.00,1
9.921,-13.81,8.28,8.49,2.66,0.0059,0.1914,0.1595,-2.5664,9.1172,0.33,0.00,0.00,1
9.931,-13.81,8.28,8.49,2.70,0.0332,0.1914,0.1644,-2.5664,9.1172,0.33,0.00,0.00,1
9.960,-13.81,8.28,8.61,2.69,-0.0098,0.1914,0.0101,-2.2617,9.4609,0.33,0.00,0.00,1
9.990,-13.81,8.28,8.66,2.65,-0.0234,0.2695,0.1234,-1.7227,9.1602,0.33,0.00,0.00,1
9.990,-13.81,8.28,8.66,2.65,-0.0234,0.2695,0.1234,-1.7227,9.1602,0.33,0.00,0.00,1
10.009,-13.81,8.28,8.66,2.73,-0.0605,-0.7266,-0.0556,-2.5664,7.7734,0.33,0.00,0.00,1
10.040,-11.86,8.77,8.73,2.73,-0.0605,0.7266,0.3161,-2.5273,9.2266,0.33,0.00,0.00,1
10.041,-11.86,8.77,8.73,2.73,-0.0605,0.7266,0.3161,-2.5273,9.2266,0.33,0.00,0.00,1
10.071,-11.67,8.81,8.81,2.66,-0.0332,-0.9570,0.0462,-2.3359,7.4336,0.33,0.00,0.00,1
10.101,-11.67,8.81,8.86,2.80,-0.0391,-0.0781,0.1270,-2.2617,8.1953,0.28,0.00,0.00,1
10.101,-11.67,8.81,8.86,2.80,-0.0391,-0.0781,0.1270,-2.2617,8.1953,0.28,0.00,0.00,1
10.131,-11.67,8.81,8.93,2.86,0.0000,-0.6914,-0.2576,-2.3750,8.3516,0.28,0.00,0.00,1
10.131,-11.67,8.81,8.93,2.86,0.0000,-0.6914,-0.2576,-2.3750,8.3516,0.28,0.00,0.00,1
10.140,-11.67,8.81,8.93,2.84,-0.0195,1.2266,-0.1708,-2.4531,10.7266,0.28,0.00,0.00,1
10.160,-11.67,8.81,8.94,2.85,0.0254,-0.2305,-0.0169,-2.2227,8.3906,0.28,0.00,0.00,1
10.180,-11.67,8.81,8.95,2.93,0.0684,-0.7656,-0.2081,-1.9531,8.3516,0.28,0.00,0.00,1
10.210,-10.27,8.94,8.93,2.94,0.0059,1.5313,0.1130,-1.9922,10.9531,0.28,0.00,0.00,1
10.210,-10.27,8.94,8.93,2.94,0.0059,1.5313,0.1130,-1.9922,10.9531,0.28,0.00,0.00,1
10.281,-9.63,8.83,8.80,2.71,-0.0020,-0.2305,0.3614,-1.3008,8.0820,0.28,0.00,0.00,1
10.301,-9.63,8.83,8.74,2.57,-0.0410,-0.2305,0.1596,-1.2656,8.6953,0.20,0.00,0.00,1
10.301,-9.63,8.83,8.74,2.57,-0.0410,-0.2305,0.1596,-1.2656,8.6953,0.20,0.00,0.00,1
10.320,-9.63,8.83,8.71,2.58,0.0098,-0.0781,0.0604,-1.2656,8.2344,0.20,0.00,0.00,1
10.350,-9.63,8.83,8.66,2.63,0.0430,-0.3047,0.1435,-1.6484,7.8555,0.20,0.00,0.00,1
10.350,-9.63,8.83,8.66,2.63,0.0430,-0.3047,0.1435,-1.6484,7.8555,0.20,0.00,0.00,1
10.351,-9.63,8.83,8.66,2.63,0.0430,-0.3047,0.1435,-1.6484,7.8555,0.20,0.00,0.00,1
10.380,-9.63,8.83,8.64,2.64,-0.0098,-0.2305,-0.0382,-1.8008,8.7773,0.20,0.00,0.00,1
10.381,-9.63,8.83,8.64,2.64,-0.0098,-0.2305,-0.0382,-1.8008,8.7773,0.20,0.00,0.00,1
10.381,-9.63,8.83,8.64,2.64,-0.0098,-0.2305,-0.0382,-1.8008,8.7773,0.20,0.00,0.00,1
10.411,-9.63,8.83,8.60,2.65,-0.0273,0.0781,0.2554,-1.5313,9.4258,0.20,0.00,0.00,1
10.440,-9.63,8.83,8.62,2.72,0.0000,-0.7656,-0.0232,-1.3398,9.0781,0.20,0.00,0.00,1
10.440,-9.63,8.83,8.62,2.72,0.0000,-0.7656,-0.0232,-1.3398,9.0781,0.20,0.00,0.00,1
10.441,-9.63,8.83,8.62,2.72,0.0000,-0.7656,-0.0232,-1.3398,9.0781,0.20,0.00,0.00,1
10.460,-9.63,8.83,8.62,2.72,-0.0176,0.8438,0.0799,-0.8828,11.2578,0.20,0.00,0.00,1
10.481,-9.63,8.83,8.62,2.63,-0.0742,-0.2695,0.0994,-0.5352,9.6484,0.30,0.00,0.00,1
10.490,-9.63,8.83,8.62,2.58,-0.0469,-0.2695,0.0428,-0.5352,9.6484,0.30,0.00,0.00,1
10.520,-9.63,8.83,8.62,2.57,-0.0664,0.5742,-0.1013,-0.6523,10.9961,0.30,0.00,0.00,1
10.551,-9.63,8.83,8.54,2.48,-0.0820,-0.2695,-0.0649,-0.7266,9.5430,0.30,0.00,0.00,1
10.560,-9.63,8.83,8.54,2.51,0.0059,-0.6133,-0.1238,-1.4570,8.6602,0.30,0.00,0.00,1
10.561,-9.63,8.83,8.54,2.51,0.0059,-0.6133,-0.1238,-1.4570,8.6602,0.30,0.00,0.00,1
10.580,-9.63,8.83,8.54,2.50,0.0801,0.7656,-0.1523,-0.8047,10.4531,0.30,0.00,0.00,1
10.600,-9.63,8.83,8.48,2.44,-0.0977,0.9961,0.2116,-1.0352,10.7656,0.30,0.00,0.00,1
10.630,-9.63,8.83,8.45,2.38,0.0215,-0.3828,0.1409,-0.9570,8.8867,0.30,0.00,0.00,1
10.660,-5.92,8.47,8.47,2.50,0.0879,0.6133,0.1599,-1.3789,10.3047,0.30,0.00,0.00,1
10.661,-5.92,8.47,8.47,2.50,0.0879,0.6133,0.1599,-1.3789,10.3047,0.33,0.00,0.00,1
10.690,-5.92,8.47,8.42,2.37,-0.0820,-0.4609,0.1099,-1.4570,8.8867,0.33,0.00,0.00,1
10.690,-5.92,8.47,8.42,2.37,-0.0820,-0.4609,0.1099,-1.4570,8.8867,0.33,0.00,0.00,1
10.701,-5.92,8.47,8.42,2.61,0.1348,-1.2266,-0.0391,-0.6914,7.2773,0.33,0.00,0.00,1
10.711,-5.92,8.47,8.42,2.57,-0.0801,-1.2266,-0.2215,-0.6914,7.2773,0.33,0.00,0.00,1
10.741,-5.92,8.47,8.41,2.54,-0.0918,0.2695,0.0617,-0.3437,9.3867,0.33,0.00,0.00,1
10.781,-5.92,8.47,8.36,2.44,-0.0898,0.7266,-0.1771,-0.3047,10.3086,0.33,0.00,0.00,1
10.801,-5.92,8.47,8.32,2.27,-0.0703,0.6133,0.1059,-0.6523,9.1953,0.33,0.00,0.00,1
10.829,-5.92,8.47,8.29,2.18,-0.0762,-0.8047,0.1309,-0.7266,7.1641,0.33,0.00,0.00,1
10.830,-5.92,8.47,8.29,2.18,-0.0762,-0.8047,0.1309,-0.7266,7.1641,0.33,0.00,0.00,1
10.830,-5.92,8.47,8.29,2.18,-0.0762,-0.8047,0.1309,-0.7266,7.1641,0.33,0.00,0.00,1
10.831,-5.92,8.47,8.29,2.18,-0.0762,-0.8047,0.1309,-0.7266,7.1641,0.33,0.00,0.00,1
10.861,-5.92,8.47,8.25,2.28,0.0566,0.2695,0.0916,-0.9961,8.7383,0.33,0.00,0.00,1
10.880,-5.92,8.47,8.23,2.17,-0.0664,1.6836,0.4652,-0.5352,10.9180,0.43,0.00,0.00,1
10.881,-5.92,8.47,8.23,2.17,-0.0664,1.6836,0.4652,-0.5352,10.9180,0.43,0.00,0.00,1
10.911,-5.92,8.47,8.23,2.11,0.0859,-0.1133,0.2172,-0.3828,8.7773,0.43,0.00,0.00,1
10.940,-4.66,8.22,8.20,2.13,0.0137,0.8828,0.2383,-0.6523,10.1484,0.43,0.00,0.00,1
10.940,-4.66,8.22,8.20,2.13,0.0137,0.8828,0.2383,-0.6523,10.1484,0.43,0.00,0.00,1
10.971,-4.66,8.22,8.20,1.99,-0.0840,-0.4609,0.2082,-0.5742,8.9258,0.43,0.00,0.00,1
11.001,-4.66,8.22,8.18,2.01,0.0098,-0.4961,-0.1082,-0.6133,9.1953,0.43,0.00,0.00,1
11.020,-4.66,8.22,8.16,1.90,-0.0762,0.6914,0.0223,-0.4961,10.7969,0.43,0.00,0.00,1
11.021,-4.66,8.22,8.16,1.90,-0.0762,0.6914,0.0223,-0.4961,10.7969,0.43,0.00,0.00,1
11.041,-4.66,8.22,8.15,1.86,-0.0332,-0.1133,0.1209,-0.7266,9.4219,0.43,0.00,0.00,1
11.051,-4.66,8.22,8.15,1.83,-0.0312,-0.1133,0.0850,-0.7266,9.4219,0.43,0.00,0.00,1
11.051,-4.66,8.22,8.15,1.83,-0.0312,-0.1133,0.0850,-0.7266,9.4219,0.43,0.00,0.00,1
11.081,-4.66,8.22,8.10,1.82,-0.0820,1.1875,0.1263,-0.6133,10.9922,0.43,0.00,0.00,1
11.110,-4.66,8.22,8.07,1.76,0.0234,0.1523,0.2210,-0.8047,9.8828,0.43,0.00,0.00,1
11.130,-4.66,8.22,8.07,1.89,0.0977,-1.2266,-0.1076,-0.7266,7.0469,0.43,0.00,0.00,1
11.140,-4.66,8.22,8.07,1.93,0.0430,1.1094,-0.0926,-0.7656,11.1094,0.43,0.00,0.00,1
11.141,-4.66,8.22,8.07,1.93,0.0430,1.1094,-0.0926,-0.7656,11.1094,0.43,0.00,0.00,1
11.160,-4.66,8.22,8.00,1.88,-0.0918,0.4961,0.1815,-0.6133,9.6914,0.43,0.00,0.00,1
11.181,-4.66,8.22,7.98,1.79,-0.0918,-1.6836,0.0823,-0.7266,6.5508,0.43,0.00,0.00,1
11.191,-4.66,8.22,7.98,1.66,-0.1035,-1.6836,-0.1889,-0.7266,6.5508,0.43,0.00,0.00,1
11.221,-4.66,8.22,7.90,1.64,-0.0918,0.6523,0.1223,-0.8828,9.4219,0.43,0.00,0.00,1
11.221,-4.66,8.22,7.90,1.64,-0.0918,0.6523,0.1223,-0.8828,9.4219,0.43,0.00,0.00,1
11.250,-4.66,8.22,7.86,1.59,0.0918,-1.6484,-0.1196,-0.7266,6.7812,0.43,0.00,0.00,1
11.300,-4.66,8.22,7.77,1.60,0.0098,1.4570,0.3898,-0.6523,11.3750,0.43,0.00,0.00,1
11.300,-4.66,8.22,7.77,1.60,0.0098,1.4570,0.3898,-0.6523,11.3750,0.43,0.00,0.00,1
11.301,-4.66,8.22,7.77,1.60,0.0098,1.4570,0.3898,-0.6523,11.3750,0.43,0.00,0.00,1
11.331,-4.66,8.22,7.73,1.38,-0.0742,0.1523,0.2371,-0.4609,10.0039,0.43,0.00,0.00,1
11.331,-4.66,8.22,7.73,1.38,-0.0742,0.1523,0.2371,-0.4609,10.0039,0.43,0.00,0.00,1
11.361,-4.59,7.72,7.71,1.46,0.0469,1.7227,0.5539,-1.1094,10.9180,0.43,0.00,0.00,1
11.361,-4.59,7.72,7.71,1.46,0.0469,1.7227,0.5539,-1.1094,10.9180,0.43,0.00,0.00,1
11.391,-4.59,7.72,7.61,1.34,-0.0723,-0.1914,0.3101,-0.8828,8.9258,0.43,0.00,0.00,1
11.401,-4.59,7.72,7.61,1.43,0.0469,-0.5352,0.2056,-1.1094,8.9258,0.43,0.00,0.00,1
11.440,-4.59,7.72,7.44,1.39,-0.0801,0.6523,0.3906,-1.1484,9.6875,0.43,0.00,0.00,1
11.440,-4.59,7.72,7.44,1.39,-0.0801,0.6523,0.3906,-1.1484,9.6875,0.43,0.00,0.00,1
11.451,-4.59,7.72,7.44,1.22,-0.0781,-0.3828,0.3479,-1.0352,8.7773,0.43,0.00,0.00,1
11.470,-4.59,7.72,7.31,1.26,0.0332,-0.5742,0.0565,-0.8828,8.5000,0.43,0.00,0.00,1
11.500,-4.52,7.25,7.31,1.34,-0.0977,1.4922,0.2544,-0.6914,10.9531,0.06,0.00,0.00,1
11.500,-4.52,7.25,7.31,1.34,-0.0977,1.4922,0.2544,-0.6914,10.9531,0.06,0.00,0.00,1
11.551,-4.45,7.09,7.13,1.34,0.0449,-0.9961,0.1428,-0.9180,7.2344,0.06,0.00,0.00,1
11.580,-4.45,7.09,6.99,1.36,-0.0371,0.4961,0.2468,-1.1094,9.1172,0.06,0.00,0.00,1
11.581,-4.45,7.09,6.99,1.36,-0.0371,0.4961,0.2468,-1.1094,9.1172,0.06,0.00,0.00,1
11.581,-4.45,7.09,6.99,1.36,-0.0371,0.4961,0.2468,-1.1094,9.1172,0.06,0.00,0.00,1
11.610,-4.36,6.95,6.91,1.34,-0.0234,-1.0352,0.1252,-0.7656,7.3945,0.06,0.00,0.00,1
11.610,-4.36,6.95,6.91,1.34,-0.0234,-1.0352,0.1252,-0.7656,7.3945,0.06,0.00,0.00,1
11.640,-4.36,6.95,6.86,1.41,0.0430,-0.4961,-0.1172,-1.1094,7.9687,0.06,0.00,0.00,1
11.640,-4.36,6.95,6.86,1.41,0.0430,-0.4961,-0.1172,-1.1094,7.9687,0.06,0.00,0.00,1
11.670,-4.36,6.95,6.78,1.45,0.0215,-0.1914,0.0436,-1.0742,8.9219,0.06,0.00,0.00,1
11.671,-4.36,6.95,6.78,1.45,0.0215,-0.1914,0.0436,-1.0742,8.9219,0.07,0.00,0.00,1
11.690,-4.36,6.95,6.78,1.57,0.0371,0.1523,0.0530,-0.8438,9.2305,0.07,0.00,0.00,1
11.700,-4.36,6.95,6.78,1.55,-0.0312,-0.4961,0.0164,-1.1484,8.5391,0.07,0.00,0.00,1
11.721,-4.36,6.95,6.75,1.60,0.0801,0.2305,0.0025,-0.6523,9.1172,0.07,0.00,0.00,1
11.741,-4.36,6.95,6.70,1.60,-0.0078,0.6133,0.2516,-0.6523,9.0039,0.07,0.00,0.00,1
11.749,-4.36,6.95,6.70,1.70,0.0879,0.6133,0.3071,-0.6523,9.0039,0.07,0.00,0.00,1
11.811,-4.36,6.95,6.68,1.82,0.0488,0.4219,0.1110,-0.7656,8.9648,0.07,0.00,0.00,1
11.811,-4.36,6.95,6.68,1.82,0.0488,0.4219,0.1110,-0.7656,8.9648,0.07,0.00,0.00,1
11.829,-3.78,6.68,6.68,1.73,-0.0547,1.4180,0.4196,-0.2695,11.6016,0.07,0.00,0.00,1
11.829,-3.78,6.68,6.68,1.73,-0.0547,1.4180,0.4196,-0.2695,11.6016,0.07,0.00,0.00,1
11.860,-3.78,6.68,6.66,1.71,0.1016,-0.3828,0.0660,-0.3047,9.0391,0.07,0.00,0.00,1
11.861,-3.78,6.68,6.66,1.71,0.1016,-0.3828,0.0660,-0.3047,9.0391,0.07,0.00,0.00,1
11.890,-3.78,6.68,6.59,1.71,-0.0195,0.4219,0.0127,-0.6914,9.8867,0.07,0.00,0.00,1
11.890,-3.78,6.68,6.59,1.71,-0.0195,0.4219,0.0127,-0.6914,9.8867,0.07,0.00,0.00,1
11.921,-3.78,6.68,6.59,1.64,-0.0703,-0.2695,0.0910,-0.3437,9.3477,0.07,0.00,0.00,1
11.921,-3.78,6.68,6.59,1.64,-0.0703,-0.2695,0.0910,-0.3437,9.3477,0.07,0.00,0.00,1
11.951,-3.51,6.56,6.56,1.58,-0.0332,-1.3008,-0.2966,-0.4609,7.2383,0.07,0.00,0.00,1
11.970,-3.51,6.56,6.49,1.52,-0.0371,0.9570,-0.1393,-0.1914,11.2617,0.07,0.00,0.00,1
11.980,-3.51,6.56,6.49,1.60,0.0723,0.2305,-0.0290,-0.4219,9.3047,0.07,0.00,0.00,1
12.030,-3.51,6.56,6.48,1.49,-0.0547,0.3047,0.1130,-0.2695,10.0000,0.07,0.00,0.00,1
12.030,-3.51,6.56,6.48,1.49,-0.0547,0.3047,0.1130,-0.2695,10.0000,0.07,0.00,0.00,1
12.040,-3.51,6.56,6.48,1.50,0.0273,-0.4219,0.0843,-0.6914,8.5430,0.07,0.00,0.00,1
12.041,-3.51,6.56,6.48,1.50,0.0273,-0.4219,0.0843,-0.6914,8.5430,0.07,0.00,0.00,1
12.060,-3.51,6.56,6.22,1.47,-0.0625,1.3008,0.2930,-0.4961,10.6523,0.07,0.00,0.00,1
12.080,-3.51,6.56,6.22,1.41,0.0371,-0.1523,0.2572,-0.5352,9.1211,0.06,0.00,0.00,1
12.090,-3.51,6.56,6.08,1.41,0.0371,0.4609,0.3023,-0.4961,9.5820,0.06,0.00,0.00,1
12.110,-3.51,6.56,5.96,1.41,-0.0039,-0.6523,0.1100,-0.9961,8.3516,0.06,0.00,0.00,1
12.141,-3.51,6.56,5.84,1.44,-0.0625,0.5352,0.2141,-0.8438,10.0312,0.06,0.00,0.00,1
12.141,-3.51,6.56,5.84,1.44,-0.0625,0.5352,0.2141,-0.8438,10.0312,0.06,0.00,0.00,1
12.170,-3.22,5.77,5.71,1.40,-0.0449,-0.2305,0.1536,-0.5742,9.1211,0.06,0.00,0.00,1
12.200,-3.19,5.65,5.59,1.51,0.0645,0.6914,0.0980,-0.5742,10.1914,0.06,0.00,0.00,1
12.200,-3.19,5.65,5.59,1.51,0.0645,0.6914,0.0980,-0.5742,10.1914,0.06,0.00,0.00,1
12.230,-3.19,5.65,5.46,1.41,0.0059,0.0391,0.2025,-0.7266,9.4648,0.06,0.00,0.00,1
12.231,-3.19,5.65,5.46,1.41,0.0059,0.0391,0.2025,-0.7266,9.4648,0.06,0.00,0.00,1
12.250,-3.19,5.65,5.42,1.51,0.0801,-0.7656,-0.0313,-0.2695,7.6250,0.06,0.00,0.00,1
12.280,-3.19,5.65,5.30,1.47,-0.0605,0.4961,0.2201,-0.1523,9.6914,0.06,0.00,0.00,1
12.281,-3.19,5.65,5.30,1.47,-0.0605,0.4961,0.2201,-0.1523,9.6914,0.06,0.00,0.00,1
12.311,-3.19,5.65,5.22,1.43,0.0879,-1.0742,0.0148,0.0781,7.3125,0.06,0.00,0.00,1
12.311,-3.19,5.65,5.22,1.43,0.0879,-1.0742,0.0148,0.0781,7.3125,0.06,0.00,0.00,1
12.371,-3.07,5.15,5.09,1.34,-0.0664,-1.3008,0.0028,-0.2695,7.4336,0.06,0.00,0.00,1
12.371,-3.07,5.15,5.09,1.34,-0.0664,-1.3008,0.0028,-0.2695,7.4336,0.06,0.00,0.00,1
12.390,-3.07,5.15,5.03,1.35,0.0039,0.4961,0.0308,-0.2305,10.2695,0.06,0.00,0.00,1
12.391,-3.07,5.15,5.03,1.35,0.0039,0.4961,0.0308,-0.2305,10.2695,0.06,0.00,0.00,1
12.401,-3.07,5.15,5.03,1.41,0.0566,0.4961,0.1022,-0.4961,9.6914,0.06,0.00,0.00,1
12.421,-3.07,5.15,5.01,1.39,-0.0410,0.7656,0.2962,-0.3828,10.3828,0.06,0.00,0.00,1
12.450,-3.07,5.15,4.97,1.37,-0.0254,0.3828,0.1807,-0.1914,10.1875,0.06,0.00,0.00,1
12.480,-3.07,5.15,4.96,1.45,-0.0078,0.7266,0.3859,-0.6133,10.3047,0.06,0.00,0.00,1
12.480,-3.07,5.15,4.96,1.45,-0.0078,0.7266,0.3859,-0.6133,10.3047,0.07,0.00,0.00,1
12.481,-3.07,5.15,4.96,1.45,-0.0078,0.7266,0.3859,-0.6133,10.3047,0.07,0.00,0.00,1
12.511,-3.07,5.15,4.92,1.48,0.0234,0.3437,0.1836,-0.6133,9.3477,0.07,0.00,0.00,1
12.530,-3.07,5.15,4.87,1.42,-0.0352,0.7266,0.3229,-0.3437,10.2656,0.07,0.00,0.00,1
12.540,-3.07,5.15,4.87,1.36,-0.0508,0.5742,0.3727,-0.7266,9.8086,0.07,0.00,0.00,1
12.580,-3.07,5.15,4.77,1.40,0.0508,0.5352,0.1641,-0.2695,9.7305,0.07,0.00,0.00,1
12.580,-3.07,5.15,4.77,1.40,0.0508,0.5352,0.1641,-0.2695,9.7305,0.07,0.00,0.00,1
12.581,-3.07,5.15,4.77,1.40,0.0508,0.5352,0.1641,-0.2695,9.7305,0.07,0.00,0.00,1
12.620,-3.07,5.15,4.72,1.51,0.0469,-0.4961,0.0260,-0.2695,8.4219,0.07,0.00,0.00,1
12.651,-3.07,5.15,4.64,1.48,-0.0195,0.2305,0.0976,-0.3047,9.2656,0.07,0.00,0.00,1
12.651,-3.07,5.15,4.64,1.48,-0.0195,0.2305,0.0976,-0.3047,9.2656,0.13,0.00,0.00,1
12.670,-3.07,5.15,4.64,1.52,-0.0723,-0.8047,-0.0938,-1.0742,8.3125,0.13,0.00,0.00,1
12.700,-3.07,5.15,4.25,1.57,0.0703,0.4609,0.0578,-1.1094,9.1562,0.13,0.00,0.00,1
12.701,-3.07,5.15,4.25,1.57,0.0703,0.4609,0.0578,-1.1094,9.1562,0.13,0.00,0.00,1
12.701,-3.07,5.15,4.25,1.57,0.0703,0.4609,0.0578,-1.1094,9.1562,0.13,0.00,0.00,1
12.720,-3.07,5.15,4.15,1.54,-0.0195,-0.5742,0.1164,-0.7656,8.5430,0.13,0.00,0.00,1
