t_s,roll_deg,pitch_deg,raw_ax_mps2,raw_ax_filt_mps2,raw_ay_mps2,raw_az_mps2,speed_kmh,hall_f_hz,hall_r_hz,gps_fix
0.001,-1.15,-0.41,0.3437,0.3437,0.0391,9.5820,0.02,0.00,0.00,1
0.020,-1.18,-0.40,0.0781,0.2850,-0.4609,9.5820,0.02,0.00,0.00,1
0.040,-1.19,-0.41,0.1133,0.2341,0.0781,9.1953,0.02,0.00,0.00,1
0.052,-1.19,-0.41,0.0391,0.2041,-0.0781,10.0742,0.02,0.00,0.00,1
0.070,-1.22,-0.39,0.4961,0.2490,-0.6914,9.5391,0.02,0.00,0.00,1
0.093,-1.24,-0.39,0.0000,0.1456,-0.1133,9.4648,0.02,0.00,0.00,1
0.103,-1.25,-0.38,0.0000,0.1233,-0.1133,9.4648,0.02,0.00,0.00,1
0.124,-1.26,-0.38,0.3047,-0.0813,0.0781,10.4180,0.02,0.00,0.00,1
0.141,-1.28,-0.39,0.1133,0.0129,-0.4961,9.0039,0.02,0.00,0.00,1
0.154,-1.29,-0.39,-0.2305,0.0076,-0.2305,9.3047,0.02,0.00,0.00,1
0.171,-1.30,-0.38,0.2305,-0.0231,-0.2695,9.4258,0.02,0.00,0.00,1
0.190,-1.31,-0.37,0.0781,0.0297,-0.3828,9.6484,0.02,0.00,0.00,1
0.209,-1.32,-0.38,0.1133,0.0512,0.0000,9.0820,0.02,0.00,0.00,1
0.222,-1.33,-0.37,0.0000,0.0517,-0.1133,10.0039,0.02,0.00,0.00,1
0.240,-1.35,-0.37,0.7266,0.1948,-0.7266,9.7656,0.02,0.00,0.00,1
0.264,-1.35,-0.37,0.1523,0.1274,-0.3047,9.3828,0.02,0.00,0.00,1
0.273,-1.36,-0.36,0.1523,0.1312,-0.3047,9.3828,0.02,0.00,0.00,1
0.290,-1.37,-0.36,-0.8828,-0.0919,-0.2695,8.0430,0.02,0.00,0.00,1
0.311,-1.37,-0.38,0.2305,0.0781,-0.0781,10.1133,0.02,0.00,0.00,1
0.330,-1.37,-0.37,-0.6523,-0.0143,-0.5742,8.0391,0.02,0.00,0.00,1
0.342,-1.38,-0.37,0.0781,-0.0538,0.0781,9.8047,0.02,0.00,0.00,1
0.361,-1.39,-0.36,-0.6133,-0.0717,-0.5352,8.1953,0.02,0.00,0.00,1
0.381,-1.39,-0.38,0.6133,0.0151,-0.0781,10.1484,0.02,0.00,0.00,1
0.392,-1.39,-0.38,-0.0391,0.0548,-0.1523,9.7656,0.04,0.00,0.00,1
0.411,-1.39,-0.38,0.1133,0.0565,-0.5742,8.8828,0.04,0.00,0.00,1
0.430,-1.39,-0.37,0.3047,0.1150,0.1523,10.2695,0.04,0.00,0.00,1
0.443,-1.40,-0.36,-0.3047,0.0221,-0.5352,8.7734,0.04,0.00,0.00,1
0.460,-1.39,-0.37,0.1914,0.0392,0.0000,9.1992,0.04,0.00,0.00,1
0.482,-1.40,-0.37,0.6523,0.0413,-0.5742,10.0000,0.04,0.00,0.00,1
0.494,-1.40,-0.36,0.6523,0.1352,-0.5742,10.0000,0.04,0.00,0.00,1
0.513,-1.40,-0.36,-0.0391,0.1933,-0.6133,8.8477,0.04,0.00,0.00,1
0.531,-1.40,-0.36,-0.3047,0.1062,0.2305,9.2656,0.04,0.00,0.00,1
0.550,-1.40,-0.37,-0.0391,0.0249,-0.2695,9.4219,0.04,0.00,0.00,1
0.562,-1.40,-0.37,0.8438,0.0857,-0.5352,10.4141,0.04,0.00,0.00,1
0.580,-1.40,-0.36,-0.2305,0.1064,-0.0781,9.1172,0.04,0.00,0.00,1
0.600,-1.40,-0.35,0.1523,0.0956,-0.2695,9.2305,0.04,0.00,0.00,1
0.613,-1.40,-0.35,-0.7656,-0.0950,-0.0781,8.5000,0.04,0.00,0.00,1
0.630,-1.41,-0.35,0.1133,-0.0907,-0.1523,9.4219,0.04,0.00,0.00,1
0.654,-1.41,-0.33,-0.8047,-0.0087,-0.3437,8.0117,0.04,0.00,0.00,1
0.664,-1.41,-0.33,-0.8047,-0.1310,-0.3437,8.0117,0.04,0.00,0.00,1
0.684,-1.41,-0.32,-0.4609,-0.1534,-0.4219,8.7344,0.04,0.00,0.00,1
0.702,-1.42,-0.32,0.4219,-0.1700,-0.1523,9.5391,0.04,0.00,0.00,1
0.715,-1.41,-0.34,0.2305,-0.0543,0.0391,10.5352,0.04,0.00,0.00,1
0.732,-1.42,-0.33,0.1133,0.0171,-0.4961,8.7773,0.04,0.00,0.00,1
0.751,-1.43,-0.32,0.1133,0.0499,-0.1133,9.9219,0.04,0.00,0.00,1
0.770,-1.43,-0.32,0.3437,0.1189,-0.3437,9.5430,0.04,0.00,0.00,1
0.783,-1.43,-0.32,-0.4219,0.0922,-0.0391,8.6562,0.04,0.00,0.00,1
0.800,-1.43,-0.31,0.0781,0.0276,-0.3047,9.9258,0.02,0.00,0.00,1
0.824,-1.43,-0.30,-0.4609,0.0247,-0.1133,8.6953,0.02,0.00,0.00,1
0.834,-1.44,-0.29,-0.4609,-0.0499,-0.1133,8.6953,0.02,0.00,0.00,1
0.853,-1.43,-0.30,0.0781,-0.1079,-0.4219,9.0000,0.02,0.00,0.00,1
0.872,-1.43,-0.30,0.3437,-0.0339,-0.0391,10.0312,0.02,0.00,0.00,1
0.890,-1.44,-0.29,0.4961,0.1286,-0.0391,10.1484,0.02,0.00,0.00,1
0.902,-1.44,-0.29,0.4961,0.1850,-0.6914,9.7266,0.02,0.00,0.00,1
0.921,-1.44,-0.28,-0.3828,0.2029,-0.0781,8.7773,0.02,0.00,0.00,1
0.941,-1.44,-0.28,-0.1523,0.0542,-0.0781,9.4648,0.02,0.00,0.00,1
0.953,-1.44,-0.28,-0.8438,-0.0328,-0.6133,7.7344,0.02,0.00,0.00,1
0.970,-1.44,-0.29,0.3437,-0.0465,0.0000,10.2305,0.02,0.00,0.00,1
0.993,-1.44,-0.28,0.4961,0.0598,-0.3828,9.7305,0.02,0.00,0.00,1
1.004,-1.44,-0.28,0.4961,0.1268,-0.3828,9.7305,0.04,0.00,0.00,1
1.021,-1.44,-0.27,0.1914,0.1641,-0.1914,9.4648,0.04,0.00,0.00,1
1.042,-1.43,-0.26,-0.6523,0.0957,-0.2305,8.2344,0.04,0.00,0.00,1
1.055,-1.43,-0.27,-0.6523,-0.0192,-0.2305,8.2344,0.04,0.00,0.00,1
1.072,-1.44,-0.29,0.0000,-0.0270,-0.4961,9.6094,0.04,0.00,0.00,1
1.092,-1.44,-0.28,-0.4961,-0.0590,-0.1133,8.5820,0.04,0.00,0.00,1
1.110,-1.43,-0.27,-0.0781,-0.1155,-0.1914,9.4258,0.04,0.00,0.00,1
1.123,-1.43,-0.26,0.0391,-0.1004,-0.4609,9.1602,0.04,0.00,0.00,1
1.141,-1.43,-0.28,0.3828,0.0232,0.0781,9.8867,0.04,0.00,0.00,1
1.161,-1.43,-0.29,0.3437,0.1166,-0.1523,10.0742,0.04,0.00,0.00,1
1.174,-1.42,-0.27,0.4609,0.1928,-0.6133,9.7305,0.04,0.00,0.00,1
1.191,-1.42,-0.28,-0.2695,0.1072,-0.0781,8.8477,0.04,0.00,0.00,1
1.212,-1.42,-0.27,-0.8047,-0.0141,-0.4219,8.0078,0.04,0.00,0.00,1
1.232,-1.41,-0.28,0.2695,-0.1524,-0.1133,9.9648,0.04,0.00,0.00,1
1.243,-1.41,-0.27,0.1523,-0.0684,-0.1523,9.8477,0.04,0.00,0.00,1
1.262,-1.41,-0.26,0.1914,-0.0027,-0.2695,9.5000,0.04,0.00,0.00,1
1.281,-1.40,-0.26,0.1133,0.0462,-0.2305,9.3437,0.04,0.00,0.00,1
1.293,-1.40,-0.26,0.4219,0.0812,-0.1133,10.1875,0.04,0.00,0.00,1
1.311,-1.39,-0.26,-0.6523,-0.0404,-0.1914,8.1172,0.04,0.00,0.00,1
1.331,-1.39,-0.25,0.1914,-0.0272,-0.3437,9.7266,0.04,0.00,0.00,1
1.344,-1.39,-0.26,-0.6523,-0.1656,-0.1523,9.0039,0.04,0.00,0.00,1
1.361,-1.38,-0.25,-0.0781,-0.1765,-0.3437,8.6953,0.04,0.00,0.00,1
1.383,-1.38,-0.25,0.5742,-0.0129,-0.2305,9.6484,0.04,0.00,0.00,1
1.402,-1.38,-0.25,-0.0781,0.1015,-0.0781,8.9648,0.04,0.00,0.00,1
1.413,-1.38,-0.25,0.0781,0.0742,-0.1133,9.7656,0.04,0.00,0.00,1
1.431,-1.39,-0.23,0.2695,0.0906,-0.3828,9.5820,0.04,0.00,0.00,1
1.451,-1.39,-0.21,-0.6523,-0.0524,-0.0781,8.5430,0.04,0.00,0.00,1
1.463,-1.38,-0.22,0.0000,-0.0924,-0.2305,9.6875,0.04,0.00,0.00,1
1.481,-1.38,-0.21,-0.5352,-0.1793,-0.4219,8.1562,0.04,0.00,0.00,1
1.501,-1.38,-0.23,0.7266,-0.0010,0.1523,10.6914,0.04,0.00,0.00,1
1.514,-1.39,-0.21,-0.0781,0.0464,-0.1914,9.1172,0.04,0.00,0.00,1
1.531,-1.39,-0.21,0.8047,0.1993,-0.2305,10.2305,0.04,0.00,0.00,1
1.554,-1.40,-0.21,-0.1914,0.2632,-0.3047,8.6211,0.04,0.00,0.00,1
1.571,-1.40,-0.19,0.0781,0.1558,-0.0391,9.5039,0.04,0.00,0.00,1
1.584,-1.40,-0.21,-0.4609,0.0955,-0.2695,8.7773,0.04,0.00,0.00,1
1.601,-1.42,-0.20,0.5742,0.0205,-0.4219,10.3047,0.04,0.00,0.00,1
1.621,-1.42,-0.20,1.0352,0.3113,0.1914,10.3828,0.04,0.00,0.00,1
1.633,-1.43,-0.17,-1.2266,0.2415,-0.6133,7.2344,0.04,0.00,0.00,1
1.651,-1.43,-0.20,0.4961,-0.0370,0.4609,10.1484,0.04,0.00,0.00,1
1.670,-1.44,-0.21,0.6914,0.1880,-0.4961,10.1523,0.04,0.00,0.00,1
1.684,-1.44,-0.22,0.1914,0.2253,0.1523,10.0703,0.04,0.00,0.00,1
1.701,-1.45,-0.19,-1.5313,-0.1656,-0.3828,6.6641,0.04,0.00,0.00,1
1.721,-1.46,-0.21,0.4961,-0.1042,-0.0391,10.4141,0.04,0.00,0.00,1
1.741,-1.48,-0.19,0.9570,0.3075,0.2695,11.1914,0.04,0.00,0.00,1
1.752,-1.49,-0.17,0.9570,0.4073,0.2695,11.1914,0.04,0.00,0.00,1
1.773,-1.49,-0.16,-0.2305,-0.3240,0.1133,9.8086,0.04,0.00,0.00,1
1.791,-1.49,-0.19,0.0391,-0.2759,-0.3828,8.5820,0.04,0.00,0.00,1
1.803,-1.49,-0.20,1.3008,-0.1053,0.0000,11.7617,0.04,0.00,0.00,1
1.822,-1.51,-0.18,0.3437,0.2169,-0.3047,8.8437,0.04,0.00,0.00,1
1.841,-1.52,-0.16,-0.3047,0.1167,-0.3437,8.5781,0.04,0.00,0.00,1
1.854,-1.52,-0.18,-0.6523,0.0241,0.0000,9.5039,0.04,0.00,0.00,1
1.871,-1.53,-0.16,-1.2266,-0.3336,-0.6523,6.8906,0.04,0.00,0.00,1
1.890,-1.54,-0.20,1.4570,0.0071,0.6133,11.7187,0.04,0.00,0.00,1
1.905,-1.55,-0.20,0.2695,0.0652,-0.6914,9.0000,0.04,0.00,0.00,1
1.922,-1.56,-0.20,1.3008,0.3514,0.0781,11.0703,0.04,0.00,0.00,1
1.943,-1.58,-0.19,-0.4961,0.2195,-0.3437,8.4219,0.04,0.00,0.00,1
1.962,-1.60,-0.17,0.8828,0.1269,-0.1133,10.3867,0.04,0.00,0.00,1
1.974,-1.60,-0.15,-1.3398,0.1164,-0.3047,7.3125,0.04,0.00,0.00,1
1.991,-1.62,-0.14,1.2266,-0.0913,0.1133,10.6914,0.04,0.00,0.00,1
2.011,-1.63,-0.16,-0.3437,0.0104,-0.4219,9.1172,0.02,0.00,0.00,1
2.024,-1.65,-0.14,0.1133,-0.0074,-0.4961,8.7383,0.02,0.00,0.00,1
2.041,-1.66,-0.15,0.9180,0.2118,0.1133,10.5312,0.02,0.00,0.00,1
2.061,-1.68,-0.18,-0.3828,0.1647,-0.7266,8.2383,0.02,0.00,0.00,1
2.082,-1.70,-0.18,-0.6133,0.3493,-0.6133,7.8906,0.02,0.00,0.00,1
2.092,-1.70,-0.21,-0.6133,0.2015,-0.6133,7.8906,0.02,0.00,0.00,1
2.113,-1.72,-0.22,0.1523,0.1647,0.0781,10.0742,0.02,0.00,0.00,1
2.132,-1.74,-0.22,-1.3398,0.0418,-0.6914,6.8242,0.02,0.00,0.00,1
2.144,-1.74,-0.24,1.0352,-0.0740,0.2695,10.8750,0.02,0.00,0.00,1
2.162,-1.76,-0.22,-0.2305,0.1393,-0.5742,8.7773,0.02,0.00,0.00,1
2.182,-1.77,-0.22,-0.2695,0.0046,-0.4961,8.6211,0.02,0.00,0.00,1
2.194,-1.78,-0.24,1.3398,0.0913,0.1523,10.6484,0.04,0.00,0.00,1
2.212,-1.80,-0.20,-0.1523,0.3260,-0.5742,8.6562,0.04,0.00,0.00,1
2.230,-1.82,-0.21,1.2266,0.4681,0.0781,10.5742,0.04,0.00,0.00,1
2.254,-1.84,-0.20,0.0391,0.4599,-0.4961,8.6602,0.04,0.00,0.00,1
2.262,-1.86,-0.16,0.0391,0.3952,-0.4961,8.6602,0.04,0.00,0.00,1
2.284,-1.88,-0.18,-0.8828,0.5118,-0.4609,7.3906,0.04,0.00,0.00,1
2.302,-1.90,-0.17,0.8438,0.2544,-0.0781,9.6914,0.04,0.00,0.00,1
2.313,-1.93,-0.13,0.8438,0.3449,-0.0781,9.6914,0.04,0.00,0.00,1
2.331,-1.97,-0.16,-0.6914,0.2923,-0.5352,7.3945,0.04,0.00,0.00,1
2.351,-2.00,-0.14,1.8398,0.2158,0.1133,10.9531,0.04,0.00,0.00,1
2.364,-2.03,-0.12,-0.0391,0.4249,-0.6133,8.3125,0.04,0.00,0.00,1
2.382,-2.07,-0.14,1.5313,0.4190,-0.4609,10.2266,0.04,0.00,0.00,1
2.401,-2.10,-0.13,1.1875,0.7221,-0.0781,9.7656,0.11,0.00,0.00,1
2.424,-2.14,-0.18,1.9531,0.8641,0.1133,10.9961,0.11,0.00,0.00,1
2.432,-2.16,-0.19,1.9531,1.0313,0.1133,10.9961,0.11,0.00,0.00,1
2.451,-2.19,-0.22,-0.9961,0.6401,-0.6523,6.3633,0.11,0.00,0.00,1
2.471,-2.23,-0.22,0.8047,0.9357,-0.6523,9.0781,0.11,0.00,0.00,1
2.483,-2.25,-0.23,0.8047,0.9156,-0.6523,9.0781,0.11,0.00,0.00,1
2.503,-2.29,-0.22,1.5703,1.2747,-0.3047,9.5000,0.11,0.00,0.00,1
2.521,-2.33,-0.27,0.1133,1.2419,-0.5742,8.1992,0.11,0.00,0.00,1
2.534,-2.35,-0.29,0.4961,1.0228,-0.4961,8.7383,0.11,0.00,0.00,1
2.551,-2.39,-0.30,0.5352,0.8765,-0.7656,8.1562,0.11,0.00,0.00,1
2.570,-2.43,-0.33,3.1797,1.3454,0.0391,12.1836,0.11,0.00,0.00,1
2.590,-2.47,-0.39,2.1836,1.6452,-0.4609,9.7695,0.11,0.00,0.00,1
2.603,-2.49,-0.42,0.6133,1.4168,-0.3828,9.3867,0.26,0.00,0.15,1
2.620,-2.55,-0.41,-0.4609,0.9512,-0.7266,6.3203,0.26,0.00,0.15,1
2.643,-2.60,-0.46,2.9102,1.5790,-0.6133,10.7969,0.26,0.00,0.15,1
2.653,-2.63,-0.47,2.9102,1.7834,-0.6133,10.7969,0.26,0.00,0.15,1
2.673,-2.67,-0.48,0.3437,1.5956,-0.2695,8.0430,0.26,0.16,0.15,1
2.692,-2.72,-0.47,2.8359,1.4399,-0.6523,10.0703,0.26,0.16,0.15,1
2.704,-2.75,-0.47,1.4922,1.6414,-0.3437,9.2266,0.26,0.16,10.67,1
2.721,-2.80,-0.51,0.7266,1.5378,-1.1094,7.7383,0.26,0.16,10.67,1
2.743,-2.84,-0.55,2.2227,1.5924,0.0000,10.1914,0.26,0.16,10.67,1
2.760,-2.89,-0.60,2.4141,1.8135,-1.4922,10.0039,0.26,12.14,10.67,1
2.772,-2.92,-0.59,0.5352,1.7554,0.6133,7.0117,0.26,12.14,13.86,1
2.790,-2.97,-0.63,2.4883,1.8416,-1.2656,10.0312,0.26,12.14,13.86,1
2.813,-3.02,-0.63,0.7266,2.1168,-0.9570,7.7344,0.65,14.98,13.86,1
2.823,-3.03,-0.66,0.7266,1.9032,-0.9570,7.7344,0.65,14.98,16.20,1
2.844,-3.08,-0.69,2.2227,1.8015,-0.1523,8.6953,0.65,14.98,16.20,1
2.862,-3.12,-0.72,1.9531,1.8994,-0.6133,10.6133,0.65,14.98,16.20,1
2.881,-3.18,-0.70,1.3789,1.7906,-0.1133,8.4219,0.65,16.86,16.20,1
2.892,-3.21,-0.73,1.8789,1.7674,-0.6133,9.1953,0.65,16.86,18.48,1
2.912,-3.26,-0.79,1.2266,1.7468,-0.4219,9.0391,0.65,16.86,18.48,1
2.930,-3.31,-0.81,2.0703,1.7562,-0.7656,9.1562,0.65,19.46,19.97,1
2.942,-3.34,-0.82,3.4102,1.9116,0.3437,11.6055,0.65,19.46,19.97,1
2.961,-3.41,-0.82,0.7656,1.8372,-0.5352,8.4258,0.65,19.46,19.97,1
2.984,-3.48,-0.87,1.5703,1.8091,-0.5742,8.4258,0.65,20.92,22.56,1
2.993,-3.52,-0.89,1.5703,1.7724,-0.5742,8.4258,1.15,20.92,22.56,1
3.010,-3.59,-0.94,1.1094,1.6131,-0.7656,8.9219,1.15,20.92,22.56,1
3.032,-3.67,-1.00,2.0312,1.7556,-1.1094,8.6211,1.15,23.07,23.94,1
3.044,-3.70,-1.05,2.0312,1.7980,-1.1094,8.6211,1.15,23.07,23.94,1
3.063,-3.77,-1.11,3.7539,1.9215,-1.8008,10.6484,1.15,24.44,26.06,1
3.081,-3.84,-1.15,3.5625,2.4258,-0.1523,11.6055,1.15,24.44,26.06,1
3.100,-3.89,-1.21,1.3008,2.3128,-1.2656,7.9727,1.15,26.40,27.40,1
3.112,-3.92,-1.23,2.7578,2.2739,-0.5742,8.8867,1.15,26.40,27.40,1
3.131,-3.98,-1.28,1.2656,2.1087,-1.0742,8.3516,1.15,28.36,29.22,1
3.150,-4.02,-1.33,2.6797,2.1825,-1.3789,8.3125,1.15,28.36,29.22,1
3.163,-4.02,-1.38,4.3672,2.6660,-0.4219,12.4844,1.15,29.93,31.00,1
3.181,-4.07,-1.36,1.3789,2.4871,-1.9922,7.8945,1.15,29.93,31.00,1
3.203,-4.09,-1.40,2.6055,2.8216,-1.5313,8.9609,1.91,31.85,33.08,1
3.214,-4.10,-1.41,2.6055,2.7884,-1.5313,8.9609,1.91,31.85,34.62,1
3.233,-4.14,-1.44,3.2930,2.5313,-0.4609,10.8398,1.91,33.87,34.62,1
3.251,-4.16,-1.48,0.6523,2.5361,-0.8047,7.0078,1.91,35.29,36.43,1
3.265,-4.18,-1.54,3.9844,2.3857,0.3828,9.3047,1.91,35.29,37.68,1
3.282,-4.22,-1.61,3.6406,2.8116,-1.6484,11.1133,1.91,37.51,37.68,1
3.301,-4.27,-1.63,1.9141,2.7121,0.4219,8.6211,1.91,37.51,40.12,1
3.321,-4.32,-1.63,2.7187,2.6639,-0.7656,9.6914,1.91,37.88,41.18,1
3.333,-4.35,-1.64,1.6094,2.4305,-0.8047,8.3945,1.91,40.41,41.18,1
3.351,-4.40,-1.67,3.7539,2.6252,0.4219,8.8867,1.91,40.41,42.69,1
3.373,-4.45,-1.80,2.2227,2.8095,0.2695,8.1953,1.91,41.41,44.07,1
3.384,-4.45,-1.80,2.2227,2.8095,0.2695,8.1953,1.91,43.13,46.47,1
3.404,-4.53,-1.81,0.2695,2.8119,-0.9180,5.5586,1.91,43.13,46.47,1
3.422,-4.58,-1.82,2.4883,2.2684,0.3437,6.8516,1.61,46.34,45.04,1
3.435,-4.62,-1.83,3.2187,2.3755,-1.0742,11.3359,1.61,46.34,48.40,1
3.452,-4.68,-1.93,1.9922,2.5165,-0.8438,5.3594,1.61,46.59,48.35,1
3.470,-4.70,-1.97,3.7539,2.6384,-0.4961,13.1758,1.61,47.62,48.35,1
3.490,-4.78,-1.99,0.7656,2.3574,-1.5313,6.3203,1.61,47.89,50.70,1
3.503,-4.81,-1.99,2.7187,2.2691,0.5742,9.7305,1.61,49.67,50.32,1
3.521,-4.85,-2.00,1.9141,2.2443,-1.9141,8.1211,1.61,49.67,52.13,1
3.544,-4.90,-2.07,4.2539,2.2569,-1.4180,11.6406,1.61,50.25,52.82,1
3.554,-4.91,-2.10,4.2539,2.5636,-1.4180,11.6406,1.61,51.60,54.11,1
3.571,-4.95,-2.04,-0.1914,2.0592,-0.2695,8.0117,1.61,51.69,54.43,1
3.592,-5.01,-1.99,0.9570,2.6334,-0.5742,8.4258,1.61,53.61,55.10,1
3.612,-5.05,-2.00,1.6094,2.2062,-0.5352,6.6641,5.11,54.56,56.83,1
3.623,-5.04,-2.05,4.8281,2.3316,-0.9961,12.7930,5.11,55.14,57.89,1
3.642,-5.05,-2.10,-0.3437,2.6259,-1.6836,7.6953,5.11,55.10,58.28,1
3.661,-5.04,-2.07,4.3281,2.6474,0.0000,8.6211,5.11,58.29,59.45,1
3.673,-5.05,-2.06,0.9961,2.6390,-0.9961,9.0039,5.11,57.97,60.38,1
3.690,-5.07,-2.03,2.0703,2.3167,-0.8438,6.9727,5.11,59.22,61.58,1
3.710,-5.06,-2.07,4.4062,2.7638,-0.2305,13.6328,5.11,58.93,62.17,1
3.724,-5.06,-2.09,0.5742,2.2792,-2.7578,7.0898,5.11,61.93,63.71,1
3.741,-5.02,-2.13,3.6758,2.4821,1.1094,9.3086,5.11,60.88,62.59,1
3.762,-4.99,-2.15,1.8789,2.2792,0.6523,6.2070,5.11,63.98,66.29,1
3.782,-4.97,-2.20,4.7109,2.3922,-0.3047,13.2109,5.11,62.49,67.32,1
3.794,-4.98,-2.17,1.5313,2.6510,-2.0312,8.3516,5.11,63.96,67.32,1
3.811,-4.97,-2.11,3.2187,2.4684,2.6445,9.3047,8.61,65.27,67.97,1
3.831,-4.96,-2.09,2.0703,2.4701,-2.9492,8.5039,8.61,66.90,68.28,1
3.843,-4.96,-2.11,2.7578,2.4637,1.7617,9.4258,8.61,67.94,70.84,1
3.861,-4.95,-2.12,2.6797,2.5467,-1.2266,10.1914,8.61,66.49,69.81,1
3.881,-4.93,-2.13,2.5273,2.5507,-1.7227,9.0781,8.61,71.61,70.85,1
3.894,-4.94,-2.12,1.9922,2.4271,2.3359,6.7852,8.61,68.96,73.20,1
3.911,-4.92,-2.21,4.9023,2.9478,-3.2187,10.7969,8.61,70.91,73.85,1
3.934,-4.91,-2.27,1.9531,2.9105,-0.9570,10.8398,8.61,70.99,75.38,1
3.952,-4.92,-2.19,2.7578,2.7034,-1.4570,10.7969,8.61,72.65,75.90,1
3.964,-4.92,-2.13,0.9961,2.5745,2.1445,6.8242,8.61,73.71,74.54,1
3.982,-4.93,-2.10,2.9883,2.2862,-2.4531,7.6289,8.61,75.55,76.79,1
4.001,-4.95,-2.19,5.4414,3.0685,2.5273,12.7578,10.09,74.02,80.50,1
4.013,-4.95,-2.15,1.1875,3.0926,-3.6406,11.9141,10.09,74.68,79.31,1
4.031,-4.97,-2.10,3.4102,2.8937,1.6094,10.1484,10.09,76.41,79.39,1
4.050,-4.98,-2.01,0.1914,2.3278,-1.8398,6.4687,10.09,79.19,81.29,1
4.064,-4.98,-2.05,0.6133,2.0334,0.0781,3.7500,10.09,79.49,80.38,1
4.081,-5.00,-2.06,3.3711,2.2410,1.2266,13.7500,10.09,76.06,83.66,1
4.104,-5.02,-2.03,1.1484,2.3785,3.8672,10.7266,10.09,78.15,82.12,1
4.122,-5.05,-2.02,1.9922,2.0971,-3.3711,4.7109,10.09,83.79,84.60,1
4.134,-5.05,-2.04,4.0977,2.2423,1.7617,11.4961,10.09,81.65,84.93,1
4.152,-5.07,-2.06,1.2656,2.5420,-2.6055,10.4961,10.09,80.83,86.46,1
4.170,-5.09,-2.05,0.9570,2.1326,-0.3437,7.9727,10.09,82.84,85.77,1
4.183,-5.10,-1.99,2.4531,2.0717,-0.7656,7.5469,10.09,85.59,85.93,1
4.201,-5.10,-2.08,2.7578,2.2043,-1.1875,8.7344,12.04,83.80,88.27,1
4.220,-5.09,-2.20,0.7656,1.9521,-0.7266,9.7266,12.04,85.44,89.51,1
4.234,-5.07,-2.24,2.9492,1.9445,-1.0742,11.4180,12.04,84.89,88.58,1
4.251,-5.06,-2.21,3.9062,2.4988,-0.9180,10.6484,12.04,87.67,88.62,1
4.270,-5.03,-2.18,0.5352,2.1519,-1.5313,4.2148,12.04,85.41,90.30,1
4.285,-5.00,-2.18,0.7656,1.8451,-0.1133,9.8086,12.04,86.07,92.10,1
4.302,-4.97,-2.13,3.9062,2.2340,-1.0742,11.6406,12.04,89.79,91.79,1
4.322,-4.94,-2.08,0.8047,2.2462,0.1133,7.0859,12.04,88.03,90.62,1
4.342,-4.87,-2.19,0.0391,1.7761,-0.5742,8.8164,12.04,86.24,92.30,1
4.354,-4.85,-2.21,3.1797,1.6429,0.1523,12.9453,12.04,91.52,93.51,1
4.372,-4.80,-2.16,3.2187,2.0819,-1.4180,9.0000,12.04,93.76,94.54,1
4.391,-4.72,-2.30,0.4961,1.8669,-0.2305,7.5859,12.04,91.56,96.17,1
4.404,-4.67,-2.36,-0.1914,1.6013,-1.4570,8.1172,13.58,90.89,96.04,1
4.421,-4.61,-2.35,2.8711,1.6679,0.9180,11.6406,13.58,92.14,96.04,1
4.441,-4.53,-2.39,3.4102,2.1285,-1.4570,10.0352,13.58,94.43,96.41,1
4.455,-4.53,-2.39,3.1016,2.2779,0.7656,10.4141,13.58,92.95,96.86,1
4.472,-4.41,-2.52,-0.1914,1.7827,-2.2617,8.0391,13.58,94.30,98.44,1
4.494,-4.34,-2.43,1.8008,1.4799,-1.1484,5.7852,13.58,96.86,100.32,1
4.512,-4.26,-2.51,3.9844,1.7456,0.6914,13.7109,13.58,93.95,101.44,1
4.524,-4.22,-2.57,2.9492,2.1582,-2.4531,10.1133,13.58,96.95,99.66,1
4.542,-4.13,-2.64,0.9570,2.2232,0.7656,10.0000,13.58,98.31,99.03,1
4.561,-4.06,-2.57,-0.1523,1.5460,-0.3437,5.5586,13.58,97.68,101.79,1
4.574,-4.03,-2.55,0.5352,1.3401,0.1133,9.0039,13.58,99.60,102.89,1
4.591,-3.96,-2.58,2.4141,1.4815,-0.2695,10.8789,13.58,96.59,101.92,1
4.611,-3.89,-2.73,1.7617,1.6016,-1.3789,7.4297,15.26,97.87,104.14,1
4.625,-3.84,-2.83,1.0742,1.5712,0.6133,9.7266,15.26,99.32,104.36,1
4.642,-3.78,-2.95,0.3047,1.2315,-1.5313,7.3555,15.26,99.69,102.44,1
4.664,-3.74,-2.91,1.9531,1.3281,0.1523,6.1250,15.26,101.31,104.01,1
4.682,-3.69,-2.95,1.3789,1.4595,0.3047,10.7266,15.26,101.30,105.50,1
4.694,-3.68,-2.97,4.1758,1.6654,-0.6914,10.9570,15.26,101.37,107.01,1
4.712,-3.62,-3.06,1.8789,2.1936,-0.3828,8.2383,15.26,102.97,107.08,1
4.730,-3.56,-3.20,2.9102,2.3145,-0.4219,11.7187,15.26,100.25,109.27,1
4.744,-3.53,-3.25,1.8789,2.3235,-1.0742,9.5000,15.26,100.51,107.79,1
4.762,-3.49,-3.34,1.7617,2.1881,0.4961,10.3867,15.26,106.61,106.43,1
4.781,-3.45,-3.39,-0.3437,1.5767,-0.2695,5.6680,15.26,104.82,109.75,1
4.804,-3.43,-3.42,1.9531,1.1917,0.5742,11.3359,16.71,106.06,109.60,1
4.812,-3.42,-3.42,1.9531,1.3086,0.5742,11.3359,16.71,107.65,110.44,1
4.834,-3.40,-3.40,1.8008,1.3833,0.0000,10.5352,16.71,104.38,109.42,1
4.852,-3.38,-3.37,1.8008,1.5017,-0.4961,9.5781,16.71,106.58,109.30,1
4.863,-3.36,-3.38,1.8008,1.5477,-0.4961,9.5781,16.71,108.53,108.77,1
4.882,-3.36,-3.42,3.1797,1.7997,0.2305,12.4492,16.71,106.91,111.79,1
4.901,-3.34,-3.47,1.4922,2.0561,-3.1797,8.1992,16.71,107.56,113.05,1
4.914,-3.32,-3.50,1.4180,1.9254,-1.0742,10.9180,16.71,109.46,113.01,1
4.932,-3.29,-3.54,2.8359,1.8949,-0.9180,10.7969,16.71,108.47,114.65,1
4.950,-3.24,-3.49,0.8438,1.7748,-1.6836,9.5781,16.71,110.80,112.80,1
4.970,-3.19,-3.60,1.0352,1.5531,1.1875,10.1094,16.71,112.74,113.01,1
4.982,-3.16,-3.70,0.1914,1.2518,-0.8438,6.7812,16.71,109.85,114.59,1
5.000,-3.10,-3.77,0.0781,0.9260,-0.6914,9.0391,17.17,110.95,115.46,1
5.022,-3.06,-3.89,0.2695,0.9814,0.0000,6.2852,17.17,112.76,115.31,1
5.033,-3.02,-4.00,0.2695,0.8721,0.0000,6.2852,17.17,111.59,115.70,1
5.054,-2.95,-4.12,4.1367,1.3109,0.5742,13.1719,17.17,111.56,117.65,1
5.072,-2.90,-4.20,2.2227,1.9592,-0.7656,9.3828,17.17,111.66,115.81,1
5.084,-2.86,-4.25,1.8789,1.9900,-0.6133,10.5742,17.17,110.67,119.25,1
5.102,-2.80,-4.26,1.3789,1.9185,-0.3828,8.3516,17.17,111.66,117.15,1
5.121,-2.73,-4.35,0.9570,1.6412,-1.5703,7.5898,17.17,112.28,118.86,1
5.135,-2.68,-4.42,2.3750,1.6495,-0.8047,10.2656,17.17,115.96,117.69,1
5.152,-2.61,-4.60,2.1055,1.8372,-0.4961,11.9883,17.17,117.74,117.79,1
5.170,-2.53,-4.68,2.3359,1.9643,-2.1055,8.1172,17.17,112.94,120.66,1
5.193,-2.44,-4.76,3.2187,1.9278,-1.6094,10.7305,17.17,114.85,118.79,1
5.203,-2.40,-4.81,3.2187,2.1261,-1.6094,10.7305,18.37,116.23,118.51,1
5.224,-2.33,-4.85,1.3789,1.7271,0.0391,8.5430,18.37,114.78,122.84,1
5.242,-2.25,-4.85,1.0742,1.6039,-1.4570,8.2734,18.37,117.10,120.60,1
5.254,-2.21,-4.92,0.2305,1.4192,0.3047,9.2305,18.37,118.29,122.55,1
5.271,-2.15,-5.01,3.2578,1.3243,-1.4922,12.4883,18.37,115.98,124.05,1
5.291,-2.09,-5.05,4.0977,2.1693,-0.4609,13.4062,18.37,116.08,122.01,1
5.310,-2.04,-5.08,1.3398,2.1059,-0.6914,8.0117,18.37,117.10,122.85,1
5.322,-2.04,-5.08,1.3398,1.9882,0.3437,8.2383,18.37,117.77,123.96,1
5.341,-1.95,-5.16,2.3359,1.9876,-0.6523,9.9609,18.37,118.74,122.34,1
5.363,-1.93,-5.16,0.5742,1.7157,-0.2695,8.7734,18.37,118.13,127.31,1
5.373,-1.92,-5.16,0.5742,1.5404,-0.2695,8.7734,18.37,119.95,126.28,1
5.393,-1.88,-5.20,1.6094,1.7225,-0.5742,8.7383,18.37,121.52,123.90,1
5.412,-1.84,-5.32,0.2305,1.5801,-1.8008,8.9648,19.39,119.42,128.55,1
5.425,-1.81,-5.40,3.6758,1.5570,0.0781,12.9102,19.39,119.62,127.18,1
5.442,-1.79,-5.41,1.3398,1.9710,-0.8828,9.0820,19.39,121.33,127.37,1
5.462,-1.77,-5.45,-0.1133,1.5688,-0.3437,7.1680,19.39,119.76,129.15,1
5.475,-1.75,-5.42,3.2578,1.4662,0.6133,13.2891,19.39,125.69,125.88,1
5.492,-1.71,-5.47,3.3711,1.9834,-0.7266,10.4961,19.39,120.88,128.63,1
5.510,-1.69,-5.42,-1.3398,1.4139,-0.1133,7.5898,19.39,123.85,127.83,1
5.533,-1.67,-5.36,2.1055,1.0546,0.0391,10.0039,19.39,126.34,127.08,1
5.543,-1.68,-5.39,2.1055,1.2160,0.0391,10.0039,19.39,126.26,131.79,1
5.561,-1.68,-5.43,-1.9531,0.5700,-0.7266,5.0156,19.39,125.77,130.11,1
5.582,-1.71,-5.50,2.0703,0.7717,-0.3828,10.1484,19.39,126.21,133.85,1
5.603,-1.70,-5.94,0.0000,0.7562,-1.1875,7.5898,20.65,124.89,132.26,1
5.613,-1.68,-6.17,-0.4961,0.5492,-0.0391,8.6602,20.65,128.16,131.73,1
5.632,-1.68,-6.45,2.2969,0.4762,-1.4922,11.8398,20.65,125.63,133.24,1
5.651,-1.68,-6.67,3.2930,1.3173,-0.3437,13.5234,20.65,126.07,130.60,1
5.662,-1.67,-6.75,-0.6133,1.3083,-1.6094,6.1641,20.65,126.09,133.65,1
5.681,-1.67,-7.01,-1.9922,0.3480,-1.8789,5.1367,20.65,128.72,133.28,1
5.700,-1.66,-7.21,3.9062,0.9897,-0.0391,11.3008,20.65,130.11,136.04,1
5.713,-1.65,-7.35,3.7930,1.6101,0.4219,12.4102,20.65,131.48,138.08,1
5.731,-1.65,-7.55,-1.1484,1.1356,-1.3008,4.4492,20.65,131.35,136.56,1
5.752,-1.64,-7.68,4.9414,1.5642,-0.2305,14.7812,20.65,130.53,136.07,1
5.764,-1.64,-7.71,4.9414,2.0829,-0.2305,14.7812,20.65,128.45,134.70,1
5.784,-1.65,-7.80,-1.6836,2.0908,0.4219,3.5234,20.65,135.12,135.15,1
5.802,-1.66,-7.82,-2.6055,0.9466,-0.1523,5.0195,20.96,132.61,136.97,1
5.815,-1.67,-7.89,5.5156,0.8102,0.6914,15.0156,20.96,132.43,140.25,1
5.832,-1.67,-8.07,4.9414,2.0987,0.1914,15.7812,20.96,130.55,141.24,1
5.851,-1.68,-8.09,-2.1836,1.4910,-0.9180,5.0156,20.96,134.10,140.83,1
5.870,-1.71,-8.14,-0.5352,0.8137,-0.5742,6.6641,20.96,134.35,137.84,1
5.883,-1.72,-8.18,4.3672,1.6001,-0.0781,14.7539,20.96,132.98,141.38,1
5.901,-1.76,-8.22,3.1797,2.2807,-0.3828,11.5312,20.96,137.99,139.92,1
5.924,-1.81,-8.29,-2.0703,1.2310,-1.8398,5.4023,20.96,134.90,143.45,1
5.934,-1.82,-8.30,-2.0703,0.7239,-1.8398,5.4023,20.96,138.91,140.35,1
5.954,-1.87,-8.31,4.7109,1.4448,-0.8828,11.3359,20.96,135.32,142.17,1
5.971,-1.91,-8.34,-1.8789,1.8439,-1.4570,4.3672,20.96,137.06,141.84,1
5.985,-1.92,-8.41,-3.4883,0.8913,0.0391,1.6484,20.96,134.93,143.76,1
6.002,-1.95,-8.59,1.9141,0.0814,-1.2656,14.0156,22.41,138.72,145.77,1
6.022,-1.96,-8.62,7.5859,1.4723,-0.8438,16.5898,22.41,138.54,144.45,1
6.041,-2.01,-8.69,4.9023,2.9627,-0.3437,13.4453,22.41,136.78,142.65,1
6.053,-2.02,-8.67,-1.9531,2.7122,-2.1445,2.7617,22.41,142.78,146.28,1
6.070,-2.03,-8.75,-2.0312,1.1044,0.1133,4.4102,22.41,139.90,146.93,1
6.094,-2.05,-8.77,7.3945,1.8194,-0.3828,17.3164,22.41,140.65,145.41,1
6.104,-2.05,-8.72,7.3945,2.6758,-0.3828,17.3164,22.41,138.22,142.92,1
6.121,-2.06,-8.71,4.0625,3.2766,1.3008,13.2930,22.41,141.40,145.58,1
6.142,-2.09,-8.61,-4.1328,1.2592,0.8047,1.1484,22.41,143.29,148.08,1
6.162,-2.12,-8.61,1.6484,0.7004,-1.0352,10.6875,22.41,144.22,147.93,1
6.173,-2.14,-8.62,5.7852,1.2412,-1.1484,15.5469,22.41,143.49,150.13,1
6.192,-2.18,-8.57,4.0977,2.3949,0.2305,12.9102,22.41,141.08,149.01,1
6.210,-2.20,-8.57,-1.6484,1.7037,-1.1484,5.7461,23.32,140.88,149.68,1
6.223,-2.21,-8.55,-3.0625,1.0757,-0.2695,2.9883,23.32,143.66,146.76,1
6.241,-2.21,-8.51,1.6836,0.7153,-0.9961,11.1875,23.32,144.13,147.32,1
6.261,-2.21,-8.59,4.7891,1.6772,-1.1875,11.6836,23.32,142.29,151.58,1
6.274,-2.20,-8.61,2.9492,1.9587,-0.3437,11.0312,23.32,144.18,149.72,1
6.292,-2.17,-8.62,-0.3437,1.5108,-1.5703,7.5898,23.32,145.48,150.26,1
6.313,-2.14,-8.72,-0.6914,0.2004,-1.9922,8.7383,23.32,147.47,149.52,1
6.325,-2.12,-8.71,-0.6914,0.0634,-1.9922,8.7383,23.32,144.59,153.09,1
6.344,-2.07,-8.63,4.6367,1.0754,-1.2656,14.3984,23.32,145.92,153.82,1
6.362,-2.01,-8.69,2.7969,1.9382,-0.7266,10.9141,23.32,144.84,151.35,1
6.381,-1.95,-8.64,-1.1484,1.3578,0.3437,7.2773,23.32,148.02,156.40,1
6.393,-1.90,-8.68,-1.6484,0.9329,-0.8828,4.1719,24.08,147.71,153.68,1
6.410,-1.79,-8.81,0.3828,0.5024,0.8047,7.2031,24.08,145.71,153.61,1
6.430,-1.69,-8.79,2.2617,0.8843,-0.8047,13.1406,24.08,149.34,156.20,1
6.444,-1.67,-8.74,4.9023,1.7735,-0.6914,10.7266,24.08,149.77,154.13,1
6.461,-1.60,-8.78,1.3789,1.8811,1.6836,11.2227,24.08,152.02,155.21,1
6.484,-1.55,-8.77,-1.8398,1.6711,1.4570,6.3633,24.08,149.39,156.52,1
6.495,-1.52,-8.76,-1.8398,1.1318,1.4570,6.3633,24.08,151.26,154.49,1
6.514,-1.46,-8.89,0.4609,0.5764,-0.0391,7.6992,24.08,148.46,158.58,1
6.532,-1.40,-8.96,0.7656,0.5680,-0.3437,10.7695,24.08,150.60,157.83,1
6.551,-1.40,-8.89,4.0625,1.3650,-0.7656,10.4531,24.08,151.63,155.76,1
6.563,-1.40,-8.87,1.7617,1.5953,0.9180,11.2187,24.08,152.95,156.03,1
6.583,-1.36,-8.99,2.6055,1.8388,-0.8047,9.1562,24.08,152.56,155.86,1
6.601,-1.38,-8.96,-0.8047,1.3454,1.1484,7.1680,25.39,150.29,158.63,1
6.614,-1.37,-8.97,-0.4961,1.0399,-1.6094,6.5078,25.39,154.68,161.81,1
6.631,-1.39,-9.08,-1.3008,0.3381,1.1875,7.1641,25.39,152.77,317.97,1
6.654,-1.42,-9.17,1.9141,0.5043,-0.5742,11.6445,25.39,152.42,159.24,1
6.665,-1.45,-9.11,1.9141,0.7208,-0.5742,11.6445,25.39,154.70,161.97,1
6.684,-1.49,-9.02,3.5625,1.6810,-0.8047,10.6484,25.39,154.85,161.34,1
6.702,-1.52,-9.10,1.8008,2.0737,1.4922,11.1094,25.39,154.61,159.21,1
6.722,-1.60,-9.03,-1.1875,1.3193,-0.5352,6.0898,25.39,152.37,162.31,1
6.733,-1.66,-8.99,-2.4531,0.8330,0.8047,6.7852,25.39,154.25,159.21,1
6.752,-1.76,-9.05,-2.0312,-0.0652,-1.8789,6.2812,25.39,156.62,160.41,1
6.770,-1.86,-9.17,-0.1523,-0.3196,-0.8047,9.8437,25.39,152.93,162.71,1
6.784,-1.91,-9.13,1.7617,-0.1408,-1.4922,9.6133,25.39,154.77,159.57,1
6.801,-2.06,-8.98,2.4141,0.5431,-1.3398,12.9844,26.00,156.05,160.95,1
6.824,-2.15,-9.08,2.6445,1.3553,-1.7617,11.7227,26.00,153.82,162.95,1
6.835,-2.19,-9.13,2.6445,1.5533,-1.7617,11.7227,26.00,156.10,161.66,1
6.852,-2.27,-9.20,0.3828,1.3622,-0.9961,7.9727,26.00,154.18,165.37,1
6.872,-2.37,-9.18,-0.8828,0.2371,-0.1133,8.1211,26.00,154.94,166.81,1
6.892,-2.44,-9.31,-0.6133,-0.0590,-2.0703,8.6953,26.00,158.48,162.97,1
6.904,-2.48,-9.38,2.1445,0.0390,-1.0352,10.1523,26.00,160.18,163.37,1
6.922,-2.51,-9.47,1.1484,0.5564,-1.6836,11.3359,26.00,157.68,166.50,1
6.941,-2.57,-9.30,2.9102,1.1482,-0.6914,9.6484,26.00,159.44,165.54,1
6.954,-2.60,-9.19,2.6797,1.4004,0.3437,11.7578,26.00,157.95,163.83,1
6.971,-2.64,-9.26,2.6055,1.8201,0.4609,11.0312,26.00,157.68,164.23,1
6.991,-2.69,-9.37,1.7227,1.8474,0.3047,9.6523,26.00,160.41,166.86,1
7.005,-2.73,-9.29,1.8398,1.8458,1.1484,11.4180,26.37,156.84,163.32,1
7.022,-2.82,-9.10,0.2305,1.4879,-0.4609,6.8516,26.37,159.34,167.06,1
7.044,-2.91,-9.03,-2.0312,0.9093,-0.6914,5.9766,26.37,159.80,166.22,1
7.062,-2.98,-9.17,-1.4570,0.1213,-1.4922,7.3945,26.37,158.65,166.86,1
7.073,-3.02,-9.14,1.3008,-0.0074,-0.7656,10.6484,26.37,159.29,163.27,1
7.092,-3.12,-8.94,1.1484,0.3514,-1.8008,9.5430,26.37,161.81,165.89,1
7.110,-3.23,-8.71,2.6055,0.9456,-0.4609,8.3945,26.37,158.63,169.95,1
7.124,-3.27,-8.66,2.2969,1.1759,-0.1914,10.9961,26.37,162.44,165.81,1
7.142,-3.33,-8.78,4.0625,1.9488,-0.2695,12.2617,26.37,162.44,165.81,1
7.161,-3.42,-8.71,1.9922,2.0901,-0.7266,10.0703,26.37,160.95,170.15,1
7.183,-3.52,-8.49,0.4961,1.8432,-0.7266,7.3164,26.37,163.61,169.29,1
7.192,-3.57,-8.39,0.4961,1.6363,-0.7266,7.3164,26.37,160.54,170.13,1
7.214,-3.66,-8.41,-2.0703,0.6915,-0.8438,5.1758,26.98,162.34,167.79,1
7.231,-3.72,-8.53,-2.2617,-0.1071,-1.3789,6.1680,26.98,164.69,171.26,1
7.244,-3.75,-8.49,-0.3437,-0.4305,-1.3008,9.2695,26.98,164.07,171.41,1
7.263,-3.85,-8.36,-0.4609,-0.4153,-1.2266,7.9297,26.98,161.58,166.61,1
7.281,-3.93,-8.20,-1.1875,-0.5916,-1.3008,7.3516,26.98,164.07,169.52,1
7.294,-3.97,-8.13,0.4219,-0.5544,-1.0742,7.1680,26.98,162.10,171.70,1
7.313,-4.03,-8.26,1.3789,-0.0098,-0.8828,9.9648,26.98,161.81,168.49,1
7.330,-4.07,-8.40,2.1055,0.6245,-1.1484,11.7617,26.98,163.93,169.66,1
7.354,-4.09,-8.40,2.3750,1.2448,-1.8398,13.2500,26.98,163.19,173.49,1
7.362,-4.11,-8.31,2.3750,1.4184,-1.8398,13.2500,26.98,162.92,168.32,1
7.380,-4.12,-8.22,1.8008,1.5626,-0.7266,10.9570,26.98,160.05,169.89,1
7.402,-4.08,-8.25,-1.8789,0.6095,-1.6094,9.8828,27.69,163.24,168.24,1
7.415,-4.06,-8.19,-3.6406,-0.0822,-0.9961,5.6328,27.69,160.62,170.88,1
7.432,-4.02,-8.11,-4.8281,-1.1864,-0.3437,3.8672,27.69,160.93,171.17,1
7.452,-3.97,-8.01,-2.0312,-1.8089,-0.6523,5.6367,27.69,163.72,168.04,1
7.464,-3.95,-7.98,-0.6133,-1.7447,-0.5352,9.2305,27.69,164.18,168.38,1
7.482,-3.88,-8.11,1.8398,-1.2276,-0.0781,12.2187,27.69,161.08,169.03,1
7.501,-3.81,-8.17,2.8359,0.0386,-0.8828,12.0664,27.69,163.96,172.15,1
7.524,-3.76,-8.17,0.0781,0.4670,-0.6523,9.1602,27.69,160.90,169.20,1
7.532,-3.73,-8.16,0.0781,0.4073,-0.6523,9.1602,27.69,161.39,171.38,1
7.551,-3.63,-8.23,-2.0312,-0.1529,0.6133,9.0000,27.69,159.24,171.88,1
7.572,-3.56,-8.19,-0.1133,-0.7693,-0.3437,17.9336,27.69,149.59,168.12,1
7.583,-3.54,-8.10,-0.1133,-0.6685,-0.3437,17.9336,27.69,150.49,159.72,1
7.603,-3.47,-7.77,-4.2539,-0.7707,-2.0312,5.9375,28.41,154.08,158.65,1
7.622,-3.40,-7.52,-3.1016,-1.6664,1.5313,6.6680,28.41,151.63,161.34,1
7.634,-3.35,-7.48,-4.1367,-2.0668,-0.9961,6.8945,28.41,155.09,159.16,1
7.652,-3.27,-7.37,-4.4453,-2.6785,1.0742,5.3203,28.41,153.66,163.83,1
7.671,-3.19,-7.37,-4.9023,-3.3820,-2.2969,5.3203,28.41,154.92,164.04,1
7.691,-3.10,-7.38,-1.9141,-3.1518,-1.0742,9.4219,28.41,152.91,161.76,1
7.703,-3.07,-7.40,-0.7656,-2.6237,-1.4922,11.5312,28.41,154.30,164.34,1
7.721,-2.98,-7.39,0.9180,-1.7242,-0.8438,12.2578,28.41,154.77,163.53,1
7.744,-2.87,-7.42,-0.4961,-0.7004,0.5352,10.3477,28.41,150.63,158.60,1
7.753,-2.84,-7.41,-0.4961,-0.6691,0.5352,10.3477,28.41,152.63,160.82,1
7.774,-2.79,-7.37,-4.4062,-1.3834,-0.4609,7.2344,28.41,152.18,161.29,1
7.792,-2.75,-7.39,-4.4805,-2.2466,0.6133,5.5547,28.41,150.13,157.23,1
7.804,-2.72,-7.39,-1.7617,-2.5235,-1.6484,10.3086,27.95,150.90,157.73,1
7.822,-2.69,-7.42,0.7656,-2.1053,0.7266,12.3789,27.95,148.30,160.49,1
7.841,-2.71,-7.40,2.0312,-0.8464,1.6836,13.5625,27.95,149.63,155.47,1
7.861,-2.75,-7.37,1.1484,-0.2257,0.8438,13.1406,27.95,146.93,158.96,1
7.872,-2.81,-7.30,-1.6094,-0.5319,2.9102,7.6992,27.95,149.86,158.65,1
7.891,-2.93,-7.26,-4.5586,-1.5519,0.9570,4.9023,27.95,149.32,156.86,1
7.913,-3.09,-7.26,-3.6758,-2.3974,-0.9961,6.5117,27.95,148.83,157.98,1
7.923,-3.18,-7.28,-3.6758,-2.5937,-0.9961,6.5117,27.95,146.09,155.81,1
7.944,-3.36,-7.32,1.1094,-1.9252,-2.3750,13.2930,27.95,145.79,153.73,1
7.962,-3.54,-7.39,0.7656,-1.0921,-0.8047,13.7930,27.95,147.04,156.54,1
7.975,-3.64,-7.39,-2.8711,-0.9719,-0.9570,8.0391,27.95,146.26,151.88,1
7.992,-3.86,-7.32,-3.5234,-1.5627,-1.3398,6.4023,27.95,146.07,150.06,1
8.012,-4.07,-7.27,-3.3711,-2.1974,-1.2656,6.3633,27.00,143.88,151.10,1
8.030,-4.26,-7.29,-0.7266,-1.9450,-0.9570,9.8867,27.00,145.35,150.33,1
8.042,-4.34,-7.32,0.9961,-1.6201,-1.3398,11.9531,27.00,142.55,153.02,1
8.061,-4.52,-7.37,-1.6094,-1.3048,-1.1094,9.5820,27.00,143.51,151.08,1
8.084,-4.68,-7.40,-3.2930,-1.7461,-1.3398,8.4258,27.00,140.92,151.79,1
8.093,-4.76,-7.40,-3.2930,-1.9837,-1.3398,8.4258,27.00,141.96,149.14,1
8.111,-4.90,-7.40,-0.7266,-1.7871,-3.1406,8.5820,27.00,138.97,147.75,1
8.132,-5.00,-7.39,-0.0781,-0.9639,-1.4570,12.7578,27.00,141.08,150.58,1
8.152,-5.10,-7.35,-3.7148,-1.4668,-0.6914,6.7070,27.00,137.84,146.97,1
8.164,-5.15,-7.28,-3.9062,-1.8274,-0.0391,7.8906,27.00,140.29,148.30,1
8.182,-5.25,-7.16,0.3047,-2.0801,-1.4570,10.5352,27.00,137.61,145.96,1
8.195,-5.29,-7.14,1.8789,-1.4264,-1.4922,12.1055,25.65,140.11,146.95,1
8.212,-5.35,-7.08,-2.1055,-0.8077,-1.8789,9.0430,25.65,137.49,148.41,1
8.231,-5.37,-7.08,-5.8242,-2.0732,-2.1445,2.6055,25.65,139.76,142.80,1
8.251,-5.37,-7.09,-3.4102,-2.6027,-0.9961,10.8398,25.65,134.90,144.76,1
8.263,-5.37,-7.04,2.1836,-1.5435,-1.6484,13.0625,25.65,135.21,145.60,1
8.281,-5.31,-7.01,1.7617,-0.5798,-1.2266,14.5156,25.65,134.26,142.76,1
8.304,-5.27,-6.95,-7.7773,-1.3641,0.3437,2.8711,25.65,134.86,142.37,1
8.314,-5.21,-6.96,-7.7773,-2.3492,0.3437,2.8711,25.65,134.44,139.78,1
8.334,-5.12,-6.95,2.8711,-2.4038,1.1484,17.1602,25.65,134.16,140.77,1
8.352,-5.03,-6.86,1.6094,-1.0087,-0.3828,10.6133,25.65,132.94,141.24,1
8.371,-4.93,-6.80,-5.6680,-1.7267,0.5742,6.1250,25.65,131.11,141.96,1
8.382,-4.89,-6.76,-7.3164,-2.4640,-0.6133,1.4180,25.65,131.67,141.98,1
8.401,-4.78,-6.77,0.0391,-2.4904,0.8438,13.1016,24.74,128.14,138.58,1
8.421,-4.66,-6.75,1.8008,-1.3831,-0.9570,14.9023,24.74,125.74,137.91,1
8.433,-4.66,-6.75,-5.2109,-1.9711,0.8047,6.8945,24.74,123.47,137.23,1
8.451,-4.46,-6.65,-5.2109,-2.8899,-0.4961,8.3945,24.74,120.82,134.99,1
8.474,-4.33,-6.51,-4.8633,-2.6234,0.2695,6.3633,24.74,117.87,134.59,1
8.484,-4.28,-6.48,-4.8633,-2.9675,0.2695,6.3633,24.74,116.29,130.09,1
8.504,-4.14,-6.41,-2.5664,-3.3990,1.6484,11.5352,24.74,110.68,130.77,1
8.522,-4.03,-6.25,-0.4961,-2.9973,1.4922,10.7695,24.74,94.52,126.02,1
8.535,-3.98,-6.16,-4.9766,-2.8022,-1.3398,4.8281,24.74,77.74,127.13,1
8.552,-3.87,-6.04,-3.1016,-3.2688,-2.7187,5.0937,24.74,50.88,126.58,1
8.571,-3.82,-6.00,-12.1016,-4.6038,-2.2617,-3.9062,24.74,90.44,125.52,1
8.591,-3.56,-6.24,-0.8828,-4.2474,3.3320,13.8672,24.74,104.79,131.94,1
8.603,-3.51,-6.29,-3.0664,-3.9053,-9.0820,7.4297,24.02,101.41,122.23,1
8.621,-3.40,-6.35,-2.4531,-3.4836,10.1133,16.8945,24.02,83.24,121.39,1
8.644,-3.26,-6.25,-6.8945,-3.2299,4.5586,8.2734,24.02,59.42,120.67,1
8.654,-3.19,-6.30,-6.8945,-3.7928,4.5586,8.2734,24.02,85.86,121.67,1
8.671,-3.12,-6.34,-6.0898,-4.4944,1.3398,12.0625,24.02,94.90,122.28,1
8.692,-2.98,-6.22,-0.6523,-4.3138,4.1758,14.8984,24.02,89.48,114.73,1
8.711,-2.91,-6.11,-4.1758,-3.8453,-2.0312,7.1641,24.02,76.53,118.33,1
8.722,-2.86,-6.06,-10.3437,-4.3895,0.5352,-1.0742,24.02,59.88,114.08,1
8.742,-2.69,-6.29,-1.6094,-5.3794,2.1055,12.9844,24.02,59.88,112.07,1
8.761,-2.60,-6.20,-3.3711,-4.4840,-2.5664,10.6133,24.02,20.56,110.95,1
8.773,-2.57,-6.19,-4.8281,-4.4297,0.0391,6.2070,24.02,60.87,113.28,1
8.791,-2.36,-6.35,-7.2773,-5.1075,6.0898,9.6133,24.02,81.33,111.31,1
8.811,-2.32,-6.29,-1.5703,-4.4599,-11.9531,17.3945,21.65,77.42,101.77,1
8.824,-2.27,-6.22,-0.3828,-3.5576,5.1719,13.4844,21.65,62.38,103.65,1
8.841,-2.14,-6.04,-6.1680,-3.9375,-8.4219,5.4766,21.65,62.38,102.31,1
8.862,-2.00,-6.04,-0.7266,-3.1517,-0.5742,14.3281,21.65,62.38,103.79,1
8.875,-1.91,-6.14,-0.7266,-2.7792,-0.5742,14.3281,21.65,62.38,102.29,1
8.894,-1.80,-6.03,-4.8281,-3.1329,2.0312,8.8828,21.65,62.38,97.48,1
8.912,-1.76,-5.89,-2.2969,-3.4112,-0.5742,10.7969,21.65,62.38,98.81,1
8.931,-1.67,-5.86,-3.4102,-3.2777,0.7266,8.0117,21.65,62.38,94.19,1
8.943,-1.63,-5.86,-4.4062,-3.3777,0.6523,8.9219,21.65,62.38,97.12,1
8.961,-1.53,-5.84,-2.2617,-3.2538,-3.9453,10.3437,21.65,62.38,93.84,1
8.981,-1.44,-5.74,0.6133,-2.3361,1.3008,14.7500,21.65,62.38,93.52,1
8.994,-1.37,-5.69,-8.2383,-3.6423,-0.1523,2.6055,19.83,62.38,91.79,1
9.011,-1.28,-5.75,-2.6445,-3.7078,0.4609,9.2695,19.83,62.38,90.19,1
9.034,-1.20,-5.70,-1.9531,-3.5628,-1.7227,10.5703,19.83,62.38,90.82,1
9.052,-1.14,-5.69,-3.4844,-3.2288,0.8047,9.5000,19.83,62.38,87.22,1
9.064,-1.12,-5.72,-4.8633,-3.3957,-2.0703,8.4648,19.83,62.38,86.19,1
9.082,-1.04,-5.72,-3.2578,-3.6835,-0.1523,10.1133,19.83,62.38,82.66,1
9.096,-1.01,-5.70,-3.1797,-3.5830,-1.1484,10.5703,19.83,62.38,84.32,1
9.122,-0.94,-5.66,-4.1367,-3.6156,0.6133,8.6992,19.83,62.38,82.24,1
9.131,-0.94,-5.66,-3.6758,-3.6249,-0.1133,9.1953,19.83,62.38,82.24,1
9.151,-0.81,-5.64,-4.0234,-3.7162,-0.1133,9.8047,19.83,62.38,80.35,1
9.164,-0.79,-5.64,-4.2148,-3.7787,-0.2305,8.5430,19.83,62.38,77.71,1
9.181,-0.73,-5.61,-2.7578,-3.5800,-0.7656,11.5742,19.83,62.38,76.18,1
9.204,-0.68,-5.54,-4.2148,-3.5642,-1.6836,8.4648,17.82,62.38,75.30,1
9.215,-0.64,-5.51,-4.2148,-3.6641,-1.6836,8.4648,17.82,62.38,72.89,1
9.234,-0.55,-5.46,-4.2891,-3.9588,-0.2305,8.8437,17.82,62.38,70.76,1
9.252,-0.48,-5.44,-4.0625,-4.0344,-0.5742,9.2656,17.82,62.38,71.25,1
9.271,-0.45,-5.44,-3.5234,-3.9595,-0.3047,10.2695,17.82,62.38,69.23,1
9.283,-0.39,-5.42,-3.1406,-3.8619,-0.8828,10.3047,17.82,62.38,67.93,1
9.302,-0.34,-5.38,-4.5586,-3.7708,-0.5742,8.3164,17.82,62.38,66.67,1
9.321,-0.30,-5.39,-4.0977,-3.9374,-0.0391,8.3906,17.82,0.00,66.01,1
9.334,-0.28,-5.40,-2.9883,-3.8732,-0.0781,10.7695,17.82,0.00,63.44,1
9.351,-0.27,-5.40,-4.0234,-3.8006,-0.2695,8.5039,17.82,0.00,64.25,1
9.371,-0.26,-5.43,-3.6758,-3.7869,-0.0781,8.7773,17.82,0.00,60.72,1
9.385,-0.25,-5.44,-3.7148,-3.7709,-1.1484,9.5039,17.82,0.00,58.92,1
9.402,-0.24,-5.45,-3.2578,-3.6539,-0.9180,9.3828,14.52,0.00,58.28,1
9.422,-0.20,-5.47,-4.2148,-3.8054,-1.4922,9.1953,14.52,0.00,58.28,1
9.442,-0.17,-5.45,-4.5195,-3.9459,-0.4961,8.5430,14.52,0.00,56.29,1
9.454,-0.16,-5.43,-3.5625,-3.9963,-0.8828,10.4180,14.52,0.00,55.50,1
9.473,-0.11,-5.39,-3.9453,-3.9039,-0.0781,9.3086,14.52,0.00,53.04,1
9.491,-0.09,-5.35,-3.4844,-3.8160,-0.5742,10.3437,14.52,0.00,51.82,1
9.504,-0.08,-5.33,-4.3281,-3.8326,0.0391,8.5430,14.52,0.00,50.07,1
9.522,-0.07,-5.31,-3.2187,-3.7560,-0.3437,10.3828,14.52,0.00,48.71,1
9.541,-0.09,-5.27,-4.0977,-3.7981,-0.3437,8.8828,14.52,0.00,48.71,1
9.555,-0.09,-5.27,-3.8672,-3.8087,0.1523,9.3477,14.52,0.00,46.30,1
9.572,-0.14,-5.22,-3.5234,-3.7492,-0.2305,9.4609,14.52,0.00,85.06,1
9.594,-0.18,-5.19,-4.3281,-3.7995,-1.1484,9.0391,14.52,0.00,85.74,1
9.612,-0.21,-5.18,-3.8672,-3.9125,-0.8438,9.3477,12.74,0.00,85.74,1
9.625,-0.22,-5.16,-4.1758,-3.9272,-1.5703,9.7656,12.74,0.00,41.39,1
9.643,-0.22,-5.12,-3.1016,-3.9117,-0.2695,10.7266,12.74,0.00,38.74,1
9.660,-0.22,-5.08,-4.2891,-3.8983,-0.9180,9.1211,12.74,0.00,38.74,1
9.674,-0.22,-5.07,-4.2148,-3.9524,-0.6523,8.8164,12.74,0.00,36.79,1
9.692,-0.22,-5.05,-3.9453,-3.9822,-0.6914,9.0430,12.74,0.00,36.79,1
9.711,-0.21,-5.03,-3.1406,-3.7937,-0.9180,10.1094,12.74,0.00,34.06,1
9.734,-0.19,-4.99,-3.8320,-3.7822,-1.3789,8.7734,12.74,0.00,32.30,1
9.742,-0.18,-4.98,-3.8320,-3.7899,-1.3789,8.7734,12.74,0.00,32.30,1
9.764,-0.14,-4.96,-3.8672,-3.7753,-0.9180,9.0430,12.74,0.00,28.88,1
9.783,-0.09,-4.93,-3.5625,-3.7770,-1.1094,9.3477,12.74,0.00,28.88,1
9.794,-0.06,-4.92,-4.3672,-3.7939,-0.6914,8.8437,12.74,0.00,28.88,1
9.812,0.02,-4.91,-3.3711,-3.8768,-0.3437,10.0352,9.98,0.00,26.60,1
9.831,0.09,-4.87,-4.2148,-3.8911,-1.1484,9.0039,9.98,0.00,26.60,1
9.844,0.14,-4.86,-3.5234,-3.8855,-0.8438,9.8477,9.98,0.00,22.53,1
9.863,0.18,-4.84,-4.4805,-3.9298,-0.8047,8.3945,9.98,0.00,22.53,1
9.881,0.33,-4.82,-3.4844,-3.8971,-0.6914,10.0703,9.98,0.00,22.53,1
9.895,0.39,-4.82,-3.7148,-3.8521,-1.0742,9.7305,9.98,0.00,18.96,1
9.912,0.52,-4.82,-3.7148,-3.8053,-1.1484,9.5820,9.98,0.00,18.96,1
9.934,0.67,-4.82,-3.9453,-3.8947,-0.6133,9.0781,9.98,0.00,18.96,1
9.952,0.83,-4.84,-3.8320,-3.9000,-0.4219,9.4219,9.98,0.00,18.96,1
9.965,0.91,-4.84,-4.0234,-3.9003,-0.0781,9.6484,9.98,0.00,18.96,1
9.982,1.06,-4.87,-3.1797,-3.8677,0.3828,10.7305,9.98,0.00,13.08,1
10.004,1.18,-4.87,-2.3750,-3.4551,-1.1875,5.4414,7.43,0.00,13.08,1
10.014,1.22,-4.93,0.0391,-3.0229,-1.3008,10.2266,7.43,0.00,13.08,1
10.032,1.27,-5.07,1.4922,-2.0383,0.5352,11.7617,7.43,0.00,13.08,1
10.051,1.34,-5.19,1.0742,-0.9272,0.9961,11.6406,7.43,0.00,13.08,1
10.065,1.40,-5.22,-0.4219,-0.7394,1.5313,9.0820,7.43,0.00,11.30,1
10.082,1.51,-5.26,-0.6523,-0.6822,0.8828,8.2773,7.43,0.00,11.30,1
10.101,1.63,-5.27,-0.0391,-0.5380,-0.5352,9.2305,7.43,0.00,11.30,1
10.122,1.70,-5.27,0.0781,-0.3881,-1.9922,10.9961,7.43,0.00,11.30,1
10.133,1.74,-5.26,0.0781,-0.3165,-1.9922,10.9961,7.43,0.00,11.30,1
10.153,1.87,-5.15,-1.5703,-0.3898,-1.0742,7.0859,7.43,0.00,11.99,1
10.172,2.09,-5.10,-0.6523,-0.6512,1.3008,9.1562,7.43,0.00,11.99,1
10.184,2.19,-5.06,-0.6914,-0.6546,2.1445,8.9219,7.43,0.00,11.99,1
10.203,2.38,-4.96,-0.4961,-0.6494,0.8828,9.3047,4.67,0.73,11.99,1
10.221,2.56,-4.85,-0.7266,-0.6481,-0.3828,9.2305,4.67,0.73,11.99,1
10.235,2.65,-4.79,-0.1914,-0.6174,-1.8398,10.3828,4.67,0.73,11.99,1
10.253,2.87,-4.64,-0.9570,-0.6416,-1.0742,10.2266,4.67,0.73,11.99,1
10.271,3.09,-4.49,-1.2266,-0.7907,0.7266,9.9219,4.67,0.73,11.99,1
10.293,3.28,-4.35,-0.7656,-0.8531,2.2227,11.0352,4.67,0.73,7.24,1
10.303,3.36,-4.27,-0.7656,-0.8397,2.2227,11.0352,4.67,0.73,7.24,1
10.324,3.50,-4.10,-0.8828,-0.7928,0.4961,10.1094,4.67,0.73,7.24,1
10.342,3.66,-3.91,-1.0742,-0.8336,0.2695,9.4609,4.67,0.73,7.24,1
10.354,3.73,-3.82,-1.2656,-0.9022,0.6133,8.3906,4.67,5.79,7.24,1
10.374,3.80,-3.74,-1.0352,-0.9396,1.6094,8.4258,4.67,5.79,7.24,1
10.391,3.99,-3.56,-1.0352,-0.9722,2.1055,8.1953,4.67,5.79,7.24,1
10.405,4.03,-3.49,-0.8047,-0.9634,2.2617,8.3164,2.15,5.79,7.24,1
10.422,4.09,-3.36,-0.6133,-0.8669,1.8398,8.6602,2.15,5.79,7.24,1
10.442,4.15,-3.22,-0.5742,-0.7718,1.3008,8.5039,2.15,5.79,7.24,1
10.464,4.20,-3.09,-0.8438,-0.7499,0.4961,8.3516,2.15,5.79,7.24,1
10.473,4.22,-3.02,-0.8438,-0.7643,0.4961,8.3516,2.15,5.79,7.24,1
10.494,4.25,-2.90,-0.8047,-0.8193,1.0742,8.3945,2.15,5.79,7.24,1
10.512,4.25,-2.81,-0.6523,-0.8029,1.5313,8.7734,2.15,5.79,7.24,1
10.525,4.25,-2.76,-0.7266,-0.7756,1.6836,8.8437,2.15,5.79,7.24,1
10.542,4.25,-2.67,-0.6523,-0.7557,1.6094,9.0781,2.15,5.79,7.24,1
10.562,4.24,-2.58,-0.8438,-0.7628,1.3789,8.7773,2.15,5.79,7.24,1
10.575,4.23,-2.54,-0.7656,-0.7745,1.2656,9.0430,2.15,5.79,7.24,1
10.592,4.18,-2.45,-0.6914,-0.7660,1.0352,9.3086,2.15,5.79,7.24,1
10.611,4.13,-2.38,-0.5742,-0.7147,0.9570,9.5781,1.52,5.79,7.24,1
10.634,4.07,-2.29,-0.7266,-0.7100,1.4180,9.4219,1.52,5.79,7.24,1
10.643,4.03,-2.24,-0.7266,-0.7125,1.4180,9.4219,1.52,5.79,7.24,1
10.661,3.95,-2.17,-0.7266,-0.7165,1.4180,9.3477,1.52,5.79,7.24,1
10.682,3.84,-2.09,-0.7266,-0.7199,0.6133,9.0820,1.52,5.79,7.24,1
10.694,3.79,-2.05,-0.7266,-0.7210,0.6133,9.0820,1.52,5.79,7.24,1
10.711,3.49,-0.72,-0.3828,-0.6640,0.8828,9.1953,1.52,5.79,7.24,1
10.732,3.12,1.10,-0.3437,-0.5811,1.0742,9.1562,1.52,5.79,7.24,1
10.745,2.97,1.78,-0.3437,-0.5286,1.1094,9.2266,1.52,5.79,7.24,1
10.762,2.70,2.84,-0.3828,-0.4793,0.9961,8.9648,1.52,5.79,7.24,1
10.781,2.46,3.65,-0.4219,-0.4551,0.6523,8.8828,1.52,5.79,7.24,1
10.804,2.24,4.28,-0.3437,-0.4375,0.5352,8.9648,1.15,5.79,0.00,1
10.813,2.14,4.56,-0.3437,-0.4231,0.5352,8.9648,1.15,5.79,0.00,1
10.831,1.94,5.03,-0.3047,-0.3919,0.5352,9.1172,1.15,5.79,0.00,1
10.854,1.75,5.42,-0.3047,-0.3576,0.8828,8.9258,1.15,2.08,0.00,1
10.864,1.66,5.60,-0.3047,-0.3495,0.8828,8.9258,1.15,2.08,0.00,1
10.884,1.47,5.91,-0.1523,-0.3149,0.6523,9.1602,1.15,2.08,0.00,1
10.902,1.28,6.18,-0.1133,-0.2656,0.5742,9.2695,1.15,2.08,0.00,1
10.915,1.18,6.30,-0.0781,-0.2291,0.4219,9.4609,1.15,2.08,0.00,1
10.932,1.00,6.53,-0.0781,-0.1863,0.3047,9.5000,1.15,2.08,0.00,1
10.951,0.81,6.72,-0.1133,-0.1572,0.2695,9.5820,1.15,2.08,0.00,1
10.971,0.63,6.91,-0.0781,-0.1370,0.2305,9.7266,1.15,2.08,0.00,1
10.983,0.54,7.00,0.0000,-0.1066,0.3437,9.8477,1.15,2.08,0.00,1
11.001,0.37,7.17,0.0391,-0.0678,0.3047,9.9609,0.78,2.08,0.00,1
11.024,0.19,7.33,-0.0781,-0.0487,0.1914,9.5781,0.78,2.08,0.00,1
11.034,0.11,7.41,-0.0781,-0.0532,0.1914,9.5781,0.78,2.08,0.00,1
11.054,-0.06,7.54,-0.1523,-0.0748,-0.3828,9.0820,0.78,2.08,0.00,1
11.072,-0.21,7.64,-0.1523,-0.0968,-0.2695,8.8867,0.78,2.08,1.28,1
11.085,-0.29,7.68,-0.0391,-0.1000,-0.1133,8.9648,0.78,2.08,1.28,1
11.102,-0.42,7.76,0.1523,-0.0674,-0.3437,9.1953,0.78,2.08,1.28,1
11.122,-0.55,7.81,0.0781,-0.0089,-0.4219,9.1562,0.78,2.08,1.28,1
11.141,-0.66,7.86,0.1914,0.0408,-0.4961,9.2695,0.78,2.08,1.28,1
11.153,-0.71,7.88,0.3437,0.0762,-0.4961,9.4648,0.78,2.08,1.28,1
11.171,-0.80,7.91,0.4609,0.1933,-0.3828,9.7656,0.78,2.08,1.28,1
11.194,-0.88,7.95,0.2305,0.2423,-0.2305,9.4648,0.78,2.08,1.28,1
11.204,-0.92,7.97,0.2305,0.2404,-0.2305,9.4648,0.65,2.08,1.28,1
11.224,-0.99,8.01,0.0391,0.1907,-0.3828,9.3477,0.65,2.08,1.28,1
11.242,-1.05,8.04,0.0781,0.1508,-0.4219,9.5000,0.65,2.08,1.28,1
11.262,-1.09,8.05,0.0781,0.1260,-0.2305,9.5391,0.65,2.08,1.28,1
11.272,-1.12,8.06,0.1133,0.1215,-0.1133,9.5430,0.65,2.08,1.28,1
11.292,-1.16,8.07,0.2305,0.1285,-0.1914,9.6914,0.65,2.08,1.28,1
11.310,-1.19,8.09,0.2695,0.1719,-0.3437,9.6914,0.65,2.08,1.28,1
11.323,-1.20,8.10,0.2305,0.1838,-0.3828,9.6133,0.65,2.08,1.28,1
11.341,-1.22,8.13,0.1133,0.1738,-0.2305,9.5000,0.65,0.00,1.28,1
11.365,-1.24,8.15,0.0391,0.1321,-0.1914,9.3828,0.65,0.00,1.28,1
11.374,-1.25,8.15,0.0391,0.1178,-0.1914,9.3828,0.65,0.00,1.28,1
11.391,-1.26,8.17,0.0781,0.1041,-0.1133,9.4219,0.65,0.00,1.28,1
11.412,-1.27,8.20,0.1523,0.1308,0.1133,9.3867,0.50,0.00,1.28,1
11.425,-1.27,8.20,0.1523,0.1341,0.1133,9.3867,0.50,0.00,1.28,1
11.444,-1.28,8.22,0.1133,0.1141,-0.3047,9.2266,0.50,0.00,1.28,1
11.462,-1.28,8.24,0.1133,0.1139,-0.4961,9.2305,0.50,0.00,1.28,1
11.481,-1.28,8.25,0.0781,0.1059,-0.4609,9.1953,0.50,0.00,1.28,1
11.493,-1.28,8.26,0.1133,0.1044,-0.3047,9.2695,0.50,0.00,1.28,1
11.511,-1.26,8.27,0.1914,0.1247,0.0391,9.3437,0.50,0.00,1.28,1
11.530,-1.26,8.27,0.0781,0.1186,0.1914,9.1992,0.50,0.00,1.28,1
11.544,-1.25,8.28,0.0391,0.1010,0.1523,9.1953,0.50,0.00,1.28,1
11.561,-1.28,7.04,0.0391,0.0834,0.1523,9.3047,0.50,0.00,0.00,1
11.584,-1.30,6.16,0.1133,0.0822,0.1523,9.5820,0.50,0.00,0.00,1
11.595,-1.30,5.82,0.1133,0.0870,0.1523,9.5820,0.37,0.00,0.00,1
11.614,-1.30,5.23,0.1133,0.0959,0.2305,9.6875,0.37,0.00,0.00,1
11.632,-1.31,4.76,0.0391,0.0949,0.2305,9.6523,0.37,0.00,0.00,1
11.652,-1.30,4.37,0.0781,0.0845,0.1914,9.6133,0.37,0.00,0.00,1
11.663,-1.30,4.19,0.1133,0.0864,0.1914,9.5781,0.37,0.00,0.00,1
11.683,-1.29,3.88,0.1523,0.1042,0.2695,9.6484,0.37,0.00,0.00,1
11.702,-1.28,3.62,0.0391,0.0928,0.3047,9.3828,0.37,0.00,0.00,1
11.714,-1.28,3.49,0.0000,0.0722,0.3047,9.3437,0.37,0.00,0.00,1
11.731,-1.28,3.26,-0.0781,0.0303,0.2695,9.1602,0.37,0.00,0.00,1
11.754,-1.27,3.05,-0.2305,-0.0260,0.0391,8.8437,0.37,0.00,0.00,1
11.765,-1.26,2.94,-0.2305,-0.0574,0.0391,8.8437,0.37,0.00,0.00,1
11.784,-1.25,2.75,-0.0781,-0.0963,0.0391,8.9648,0.37,0.00,0.00,1
11.803,-1.25,2.56,0.0781,-0.0786,0.0000,9.2305,0.24,0.00,0.00,1
11.822,-1.24,2.39,0.1914,-0.0001,-0.0391,9.4609,0.24,0.00,0.00,1
11.833,-1.24,2.31,0.1133,0.0231,-0.1133,9.3867,0.24,0.00,0.00,1
11.852,-1.23,2.17,0.0000,0.0396,-0.1133,9.2656,0.24,0.00,0.00,1
11.871,-1.22,2.04,-0.1914,-0.0163,-0.0391,8.9258,0.24,0.00,0.00,1
11.884,-1.22,1.98,-0.2305,-0.0463,0.0000,8.9609,0.24,0.00,0.00,1
11.902,-1.22,1.84,-0.0781,-0.0648,0.0391,9.2656,0.24,0.00,0.00,1
11.924,-1.23,1.72,0.0781,-0.0099,0.0781,9.7305,0.24,0.00,0.00,1
11.935,-1.24,1.67,0.0781,0.0036,0.0781,9.7305,0.24,0.00,0.00,1
11.952,-1.25,1.57,0.0781,0.0247,0.0781,9.7656,0.24,0.00,0.00,1
11.973,-1.26,1.48,0.0391,0.0194,0.0391,9.6484,0.24,0.00,0.00,1
11.992,-1.33,1.48,0.0781,0.0281,0.0781,9.6484,0.24,0.00,0.00,1
12.004,-1.37,1.48,0.0781,0.0392,0.1523,9.5430,0.19,0.00,0.00,1
12.022,-1.46,1.50,0.0781,0.0502,0.1523,9.5039,0.19,0.00,0.00,1
12.042,-1.55,1.51,0.0391,0.0511,0.1914,9.3437,0.19,0.00,0.00,1
12.054,-1.60,1.52,-0.0781,0.0399,0.1523,9.0430,0.19,0.00,0.00,1
12.071,-1.71,1.53,-0.0781,-0.0004,0.0781,8.9648,0.19,0.00,0.00,1
12.091,-1.82,1.53,-0.0781,-0.0224,0.0000,8.8477,0.19,0.00,0.00,1
12.105,-1.88,1.53,-0.0781,-0.0347,-0.0781,8.8477,0.19,0.00,0.00,1
12.122,-1.99,1.52,0.0391,-0.0211,-0.1523,9.0430,0.19,0.00,0.00,1
12.144,-2.11,1.51,-0.1133,-0.0332,-0.2695,8.7383,0.19,0.00,0.00,1
12.162,-2.23,1.50,-0.1133,-0.0559,-0.3047,8.7344,0.19,0.00,0.00,1
12.174,-2.29,1.48,-0.1133,-0.0686,-0.3047,8.7344,0.19,0.00,0.00,1
12.193,-2.41,1.45,0.1523,-0.0600,-0.3437,9.2305,0.19,0.00,0.00,1
12.211,-2.52,1.42,0.1914,0.0210,-0.4219,9.4648,0.11,0.00,0.00,1
12.224,-2.58,1.40,0.1133,0.0409,-0.4219,9.5000,0.11,0.00,0.00,1
12.242,-2.69,1.37,0.1133,0.0656,-0.4219,9.6523,0.11,0.00,0.00,1
12.261,-2.81,1.33,0.2305,0.1051,-0.4219,9.9219,0.11,0.00,0.00,1
12.275,-2.81,1.33,0.2695,0.1303,-0.4609,10.0742,0.11,0.00,0.00,1
12.292,-2.98,1.32,0.2305,0.1612,-0.6523,10.0703,0.11,0.00,0.00,1
12.314,-3.10,1.31,0.2305,0.1848,-0.7656,9.9219,0.11,0.00,0.00,1
12.332,-3.20,1.32,0.1914,0.1946,-0.7656,9.7656,0.11,0.00,0.00,1
12.345,-3.25,1.32,0.1914,0.1939,-0.7656,9.6484,0.11,0.00,0.00,1
12.362,-3.35,1.32,0.1133,0.1869,-0.7656,9.4609,0.11,0.00,0.00,1
12.381,-3.43,1.34,0.1133,0.1618,-0.8047,9.3828,0.11,0.00,0.00,1
12.394,-3.47,1.34,0.0781,0.1516,-0.8438,9.2656,0.15,0.00,0.00,1
12.411,-3.52,1.35,0.0781,0.1307,-0.9570,9.1211,0.15,0.00,0.00,1
12.431,-3.63,1.37,-0.0391,0.0869,-1.0352,8.9219,0.15,0.00,0.00,1
12.445,-3.65,1.37,0.0000,0.0706,-1.1094,8.9258,0.15,0.00,0.00,1
12.462,-3.71,1.37,0.0000,0.0466,-1.1484,8.9258,0.15,0.00,0.00,1
12.484,-3.75,1.37,0.1133,0.0628,-0.9570,9.2305,0.15,0.00,0.00,1
12.502,-3.78,1.36,0.1133,0.0771,-0.8438,9.3477,0.15,0.00,0.00,1
12.515,-3.79,1.35,0.0391,0.0792,-0.7656,9.3086,0.15,0.00,0.00,1
12.532,-3.82,1.35,0.1523,0.0769,-0.7656,9.5781,0.15,0.00,0.00,1
12.553,-3.84,1.34,0.2305,0.1199,-0.8047,9.8477,0.15,0.00,0.00,1
12.564,-3.85,1.34,0.3047,0.1503,-0.8047,9.9648,0.15,0.00,0.00,1
12.581,-3.87,1.34,0.1914,0.1850,-0.8047,9.6484,0.15,0.00,0.00,1
12.601,-3.88,1.35,0.1523,0.1786,-0.8047,9.4258,0.17,0.00,0.00,1
12.615,-3.89,1.35,0.1133,0.1714,-0.7656,9.3086,0.17,0.00,0.00,1
12.633,-3.89,1.36,0.1523,0.1602,-0.8047,9.3828,0.17,0.00,0.00,1
12.651,-3.73,1.07,0.1914,0.1666,-0.8047,9.4219,0.17,0.00,0.00,1
12.672,-3.64,0.89,0.0000,0.1394,-0.8047,9.1562,0.17,0.00,0.00,1
12.683,-3.60,0.83,0.0000,0.1180,-0.8047,9.1562,0.17,0.00,0.00,1
12.705,-3.53,0.72,-0.0391,0.0542,-0.6523,9.0430,0.17,0.00,0.00,1
12.722,-3.48,0.64,0.0000,0.0309,-0.7266,9.1602,0.17,0.00,0.00,1
12.734,-3.46,0.62,0.0781,0.0303,-0.8438,9.3867,0.17,0.00,0.00,1
12.752,-3.45,0.60,0.0391,0.0408,-0.8047,9.4258,0.17,0.00,0.00,1
12.771,-3.42,0.58,0.0000,0.0315,-0.8047,9.3828,0.17,0.00,0.00,1
12.785,-3.41,0.57,-0.0391,0.0236,-0.7656,9.3828,0.17,0.00,0.00,1
12.802,-3.39,0.54,0.0781,0.0281,-0.6914,9.5000,0.19,0.00,0.00,1
12.821,-3.35,0.53,0.0781,0.0423,-0.6523,9.5820,0.19,0.00,0.00,1
12.843,-3.32,0.51,0.0391,0.0494,-0.4609,9.3867,0.19,0.00,0.00,1
12.853,-3.30,0.50,0.0391,0.0478,-0.4609,9.3867,0.19,0.00,0.00,1
12.874,-3.28,0.49,-0.0391,0.0386,-0.3437,9.3047,0.19,0.00,0.00,1
12.892,-3.27,0.48,-0.0391,0.0165,-0.4219,9.3086,0.19,0.00,0.00,1
12.905,-3.26,0.47,-0.0781,0.0011,-0.4961,9.3047,0.19,0.00,0.00,1
12.922,-3.24,0.46,-0.0781,-0.0214,-0.4961,9.3047,0.19,0.00,0.00,1
12.942,-3.23,0.44,0.0000,-0.0234,-0.4609,9.3477,0.19,0.00,0.00,1
12.955,-3.22,0.42,0.0000,-0.0198,-0.4961,9.3867,0.19,0.00,0.00,1
12.973,-3.23,0.41,0.0000,-0.0131,-0.4961,9.3477,0.19,0.00,0.00,1
12.991,-3.25,0.40,-0.0391,-0.0173,-0.4961,9.3047,0.19,0.00,0.00,1
